chinese,pinyin,english,thai
交/直流电源柜,jiāo / zhí liú diàn yuán guì,AC/DC Power Cabinet,ตู้แหล่งจ่ายไฟ AC/DC
电流值/安培数,diàn liú zhí / ān péi shù,Amperage,ค่ากระแสไฟฟ้า (amperage)
合适容量,hé shì róng liàng,Appropriate Capacity / Right-Sizing,ขนาดความจุที่เหมาะสม
备用发电机,bèi yòng fā diàn jī,Backup Generator,เครื่องปั่นไฟสำรอง (generator)
电池,diàn chí,Batteries,แบตเตอรี่
蓄电池组,xù diàn chí zǔ,Battery Bank / Battery String,ชุดแบตเตอรี่สำรอง
电池组件,diàn chí zǔ jiàn,Battery Component,ชิ้นส่วนของแบตเตอรี่
电池健康状态,diàn chí jiàn kāng zhuàng tài,Battery Health,สถานะสุขภาพของแบตเตอรี่
电池短路,diàn chí duǎn lù,Battery Short Circuit,แบตเตอรี่ลัดวงจร
支路电路,zhī lù diàn lù,Branch Circuit,วงจรย่อย (branch circuit)
断路器协调,duàn lù qì xié tiáo,Breaker Coordination,การประสานงานเบรกเกอร์ (breaker coordination)
旁路,páng lù,Bypass (UPS Bypass),โหมด bypass ของ UPS
电容器放电,diàn róng qì fàng diàn,Capacitor Discharge,การคายประจุตัวเก็บประจุ (capacitor)
断路器,duàn lù qì,Circuit Breaker,เบรกเกอร์ (circuit breaker)
计算机负载,jì suàn jī fù zài,Computer Load,โหลดของเครื่องคอมพิวเตอร์
连续负载,lián xù fù zài,Continuous Load,โหลดต่อเนื่อง (continuous load)
关键负载,guān jiàn fù zài,Critical Load,โหลดที่สำคัญต่อระบบ (critical load)
电流消耗,diàn liú xiāo hào,Current Draw,กระแสไฟที่อุปกรณ์ดึงใช้
机房电源系统,jī fáng diàn yuán xì tǒng,Data Hall / Equipment Room Power System,ระบบไฟฟ้าภายในห้อง data hall
直流电,zhí liú diàn,DC (Direct Current),ไฟฟ้ากระแสตรง (DC)
直流电压限值,zhí liú diàn yā xiàn zhí,DC Voltage Limit,ค่าจำกัดแรงดันไฟฟ้ากระแสตรง (DC)
降额,jiàng é,De-rating,การลดพิกัดกำลัง (de-rating)
柴油发电机组,chái yóu fā diàn jī zǔ,Diesel Generator Set,เครื่องกำเนิดไฟฟ้าดีเซล
容灾,róng zāi,Disaster Recovery / Fault Tolerance,การกู้คืนระบบจากภัยพิบัติ
配电设备,pèi diàn shè bèi,Distribution Equipment,อุปกรณ์จ่ายไฟ
配电盘,pèi diàn pán,Distribution Panels,แผงจ่ายไฟ (distribution panel)
干式变压器,gān shì biàn yā qì,Dry-type Transformer,หม้อแปลงไฟฟ้าชนิดแห้ง
双路径系统,shuāng lù jìng xì tǒng,Dual Path System,ระบบไฟฟ้าสองเส้นทาง (dual path)
双路供电路径,shuāng lù gōng diàn lù jìng,Dual Power Path,เส้นทางจ่ายไฟสองเส้นทาง (dual power path)
双电源输入设备,shuāng diàn yuán shū rù shè bèi,Dual-corded Equipment,อุปกรณ์ที่มีสายไฟเข้าสองเส้น (dual-corded)
电气设备,diàn qì shè bèi,Electrical Equipment,อุปกรณ์ไฟฟ้า
电力系统,diàn lì xì tǒng,Electrical Power Systems,ระบบไฟฟ้ากำลัง
电力进线/总进线,diàn lì jìn xiàn / zǒng jìn xiàn,Electrical Service Entrance,จุดเข้าไฟฟ้าหลัก (service entrance)
电,diàn,Electricity/Power,ไฟฟ้า
储能系统,chǔ néng xì tǒng,Energy Storage System,ระบบกักเก็บพลังงาน
熔断器,róng duàn qì,Fuse,ฟิวส์ (fuse)
发电机系统,fā diàn jī xì tǒng,Generator System,ระบบเครื่องกำเนิดไฟฟ้า
发电机,fā diàn jī,Generators,เครื่องกำเนิดไฟฟ้า (generator)
电网,diàn wǎng,Grids,ระบบสายส่งไฟฟ้า (grid)
地线回路,dì xiàn huí lù,Ground Wire Loop / Circuit,วงจรสายกราวด์
谐波,xié bō,Harmonics,ฮาร์มอนิก (harmonics)
高效不间断电源,gāo xiào bù jiàn duàn diàn yuán,High-Efficiency Uninterruptible Power Supply,ระบบ UPS ประสิทธิภาพสูง
高压带电作业,gāo yā dài diàn zuò yè,High-Voltage Live Work,งานปฏิบัติกับไฟฟ้าแรงดันสูงขณะมีไฟ
高低压配电,gāo dī yā pèi diàn,High/Low Voltage Distribution,การจ่ายไฟแรงสูง/แรงต่ำ
断开点,duàn kāi diǎn,Isolation Point / Disconnect Point,จุดตัดแยกวงจร (isolation point)
IT负载,IT fù zài,IT Load,โหลดของอุปกรณ์ IT
开关刀,kāi guān dāo,Knife Switch,สวิตช์ใบมีด (knife switch)
千瓦 (kW),qiān wǎ,kW (kilowatt),กิโลวัตต์ (kW)
铅酸蓄电池,qiān suān xù diàn chí,Lead-Acid Battery,แบตเตอรี่ตะกั่วกรด (lead-acid battery)
锂离子电池,lǐ lí zǐ diàn chí,Lithium-ion Batteries,แบตเตอรี่ลิเธียมไอออน
在线维护,zài xiàn wéi hù,Live (Online) Maintenance,การบำรุงรักษาโดยไม่ตัดไฟ (live maintenance)
相线,xiàng xiàn,Live Wire / Phase Wire,สายไฟเฟส (live wire)
分相负载,fēn xiàng fù zài,Load by Phase,โหลดไฟฟ้าแยกตามเฟส
低压配电设备,dī yā pèi diàn shè bèi,Low-Voltage Distribution Equipment / Switchgear,อุปกรณ์จ่ายไฟแรงดันต่ำ (switchgear)
低压带电作业（1kV以下）,dī yā dài diàn zuò yè,Low-Voltage Live Work (Below 1kV),งานปฏิบัติกับไฟฟ้าแรงดันต่ำขณะมีไฟ (ต่ำกว่า 1kV)
低压配电系统,dī yā pèi diàn xì tǒng,Low-Voltage Power Distribution System,ระบบจ่ายไฟแรงดันต่ำ
主配电,zhǔ pèi diàn,Main Distribution,ระบบจ่ายไฟหลัก
最小续航阈值,zuì xiǎo xù háng yù zhí,Minimum Runtime Threshold,ค่าขั้นต่ำของระยะเวลาสำรองไฟที่ยอมรับได้
模块化系统,mó kuài huà xì tǒng,Modular System,ระบบแบบโมดูลาร์
多兆瓦级数据中心,duō zhào wǎ jí shù jù zhōng xīn,Multi-Megawatt Data Center,data center ระดับหลายเมกะวัตต์
国家电工进网许可证,guó jiā diàn gōng jìn wǎng xǔ kě zhèng,National Electrician Grid Access License,ใบอนุญาตช่างไฟฟ้าเข้าปฏิบัติงานในระบบสายส่งแห่งชาติ
零线,líng xiàn,Neutral Wire,สายนิวทรัล (neutral)
其他配电柜,qí tā pèi diàn guì,Other Distribution Cabinets,ตู้จ่ายไฟอื่นๆ
插座,chā zuò,Outlet Receptacle,เต้ารับไฟฟ้า (outlet)
输出配电,shū chū pèi diàn,Output Power Distribution,การจ่ายไฟขาออก
过载状况,guò zài zhuàng kuàng,Overload Condition,ภาวะโหลดเกิน (overload)
并联支路,bìng lián zhī lù,Parallel Branch (circuit),วงจรย่อยแบบขนาน (parallel)
PDU（电源分配单元）,PDU (diàn yuán fēn pèi dān yuán),PDU (Power Distribution Unit),PDU (หน่วยจ่ายไฟฟ้าประจำตู้ rack)
供配电,gōng pèi diàn,Power,ระบบไฟฟ้ากำลัง (power)
电能监控,diàn néng jiān kòng,Power / Energy Monitoring,การตรวจสอบพลังงานไฟฟ้า
电总（电信/电力总线协议）,diàn zǒng,Power / Telecom Bus Protocol,โปรโตคอล bus สำหรับไฟฟ้า/โทรคมนาคม
电力告警（Power）,diàn lì gào jǐng,Power Alarm,alarm ระบบไฟฟ้า
供电挑战,gōng diàn tiǎo zhàn,Power Challenges,ความท้าทายด้านไฟฟ้ากำลัง
耗电量,hào diàn liàng,Power Consumption,ปริมาณการใช้ไฟฟ้า
功率密度,gōng lǜ mì dù,Power Density,ความหนาแน่นของกำลังไฟฟ้า
配电,pèi diàn,Power Distribution,การจ่ายไฟฟ้า (power distribution)
动力配电箱,dòng lì pèi diàn xiāng,Power Distribution Box,กล่องจ่ายไฟกำลัง (power distribution box)
PDF（电源分配柜/列头柜/配电柜）,diàn yuán fēn pèi guì / liè tóu guì,Power Distribution Frame / Cabinet (PDF),ตู้กระจายไฟฟ้า PDF (Power Distribution Frame)
配电单元,pèi diàn dān yuán,Power Distribution Unit (PDU),หน่วยจ่ายไฟ PDU
功率因数校正,gōng lǜ yīn shù jiào zhèng,Power Factor Correction,การปรับปรุงตัวประกอบกำลัง (power factor correction)
供配电基础设施,gōng pèi diàn jī chǔ shè shī,Power Infrastructure,โครงสร้างพื้นฐานด้านไฟฟ้ากำลัง
电力计量,diàn lì jì liàng,Power Metering,การวัดค่าพลังงานไฟฟ้า
购电协议,gòu diàn xié yì,Power Purchase Agreement (PPA),สัญญาซื้อขายไฟฟ้า (PPA)
电源插座条 (PDU),diàn yuán chā zuò tiáo,Power Strip,รางปลั๊กไฟในตู้ rack (power strip)
供电子系统,gōng diàn zǐ xì tǒng,Power Subsystem,ระบบย่อยด้านไฟฟ้ากำลัง
电源,diàn yuán,Power Supply,แหล่งจ่ายไฟ
供配电系统,gōng pèi diàn xì tǒng,Power Supply and Distribution System,ระบบจ่ายและกระจายไฟฟ้า
供电链路,gōng diàn liàn lù,Power Supply Link / Chain,สายทางจ่ายไฟฟ้า
供电系统,gōng diàn xì tǒng,Power Supply System,ระบบจ่ายไฟฟ้า
电源循环/重启,diàn yuán xún huán / chóng qǐ,Power-cycling,การปิดเปิดไฟใหม่ (power cycling)
一次绕组,yī cì rào zǔ,Primary Winding,ขดลวดปฐมภูมิ (primary winding)
保护地线,bǎo hù dì xiàn,Protective Earth (PE) Wire,สายกราวด์ป้องกัน (PE)
机柜电力基础设施,jī guì diàn lì jī chǔ shè shī,Rack Power Infrastructure,โครงสร้างพื้นฐานไฟฟ้าในตู้ rack
冗余,rǒng yú,Redundancy,ระบบสำรอง (redundancy)
继电保护装置,jì diàn bǎo hù zhuāng zhì,Relay Protection Device,อุปกรณ์ป้องกันแบบรีเลย์
重复接地,chóng fù jiē dì,Repeated (Supplementary) Grounding,การต่อกราวด์ซ้ำเพิ่มเติม
机房/机柜配电系统,jī fáng jī guì pèi diàn xì tǒng,Room / Rack Power Distribution System,ระบบจ่ายไฟห้อง/ตู้ rack
二次绕组,èr cì rào zǔ,Secondary Winding,ขดลวดทุติยภูมิ (secondary winding)
单线图,dān xiàn tú,Single Line Diagram,แผนผังไฟฟ้าแบบเส้นเดียว (single line diagram)
单相二极插座,dān xiāng èr jí chā zuò,Single-Phase 2-Pin Socket,ปลั๊กไฟเฟสเดียว 2 ขา
单相三极插座,dān xiāng sān jí chā zuò,Single-Phase 3-Pin Socket,ปลั๊กไฟเฟสเดียว 3 ขา
插座接线示意图（单相2/3孔，三相4孔）,chā zuò jiē xiàn shì yì tú,"Socket/Outlet Wiring Diagrams (single-phase 2/3-pin, three-phase 4-pin)","แผนภาพการเดินสายปลั๊กไฟ (เฟสเดียว 2/3 ขา, สามเฟส 4 ขา)"
国家电监会,guó jiā diàn jiān huì,State Electricity Regulatory Commission,คณะกรรมการกำกับกิจการไฟฟ้าแห่งชาติ (จีน)
静态转换开关,jìng tài zhuǎn huàn kāi guān,Static Transfer Switch,สวิตช์สลับไฟแบบสถิต (STS)
变电站,biàn diàn zhàn,Substation,สถานีไฟฟ้าย่อย
浪涌保护,làng yǒng bǎo hù,Surge Protection,การป้องกันไฟกระชาก (surge protection)
开关设备,kāi guān shè bèi,Switchgear,สวิตช์เกียร์ (switchgear)
开关室/配电室,kāi guān shì / pèi diàn shì,Switchgear Room,ห้องสวิตช์เกียร์/ห้องจ่ายไฟ
切换操作程序,qiē huàn cāo zuò chéng xù,Switching Procedure,ขั้นตอนการสับเปลี่ยนวงจรไฟฟ้า
三相四极插座,sān xiāng sì jí chā zuò,Three-Phase 4-Pin Socket,ปลั๊กไฟสามเฟส 4 ขา
三相短路,sān xiāng duǎn lù,Three-Phase Short Circuit,ไฟฟ้าลัดวงจรสามเฟส
变压器,biàn yā qì,Transformer,หม้อแปลงไฟฟ้า
不间断电源,bù jiàn duàn diàn yuán,Uninterruptible Power Supply (UPS),ระบบ UPS (Uninterruptible Power Supply)
不间断电源系统,bù jiān duàn diàn yuán xì tǒng,Uninterruptible Power Supply (UPS) System,ระบบ UPS (ไฟฟ้าสำรองต่อเนื่อง)
不间断电源系统 (UPS),bù jiàn duàn diàn yuán xì tǒng,UPS (Uninterruptible Power Supply),ระบบ UPS (Uninterruptible Power Supply)
UPS续航时间,UPS xù háng shí jiān,UPS Runtime,ระยะเวลาที่ UPS จ่ายไฟสำรองได้
市电/公用电网,shì diàn / gōng yòng diàn wǎng,Utility,ไฟฟ้าจากการไฟฟ้า (utility power)
市电,shì diàn,Utility Power / Mains Power,ไฟฟ้าจากการไฟฟ้า (mains power)
电压等级,diàn yā děng jí,Voltage Rating / Class,ระดับแรงดันไฟฟ้า
工作接地,gōng zuò jiē dì,Working Ground / System Grounding,การต่อกราวด์ระบบไฟฟ้า
空调,kōng tiáo,Air Conditioner / HVAC Unit,เครื่องปรับอากาศ
空调安全,kōng tiáo ān quán,Air Conditioning (HVAC) Safety,ความปลอดภัยเกี่ยวกับระบบแอร์ (air conditioning)
空调或制冷设备,kōng tiáo huò zhì lěng shè bèi,Air Conditioning or Refrigeration Equipment,อุปกรณ์ปรับอากาศหรือทำความเย็น
空调系统,kōng tiáo xì tǒng,Air Conditioning System,ระบบปรับอากาศ
气流分配,qì liú fēn pèi,Air Distribution,การกระจายลม (air distribution)
风管,fēng guǎn,Air Duct,ท่อลม
空气过滤器,kōng qì guò lǜ qì,Air Filter,แผ่นกรองอากาศ
气流混合,qì liú hùn hé,Air Mixing,การผสมของกระแสลม
风冷冷水系统,fēng lěng lěng shuǐ xì tǒng,Air-Cooled Chilled Water System,ระบบน้ำเย็นระบายความร้อนด้วยอากาศ
风冷冷水主机,fēng lěng lěng shuǐ zhǔ jī,Air-Cooled Chiller,เครื่องทำน้ำเย็นระบายความร้อนด้วยอากาศ
风冷冷风系统,fēng lěng lěng fēng xì tǒng,Air-Cooled Direct Expansion System,ระบบ DX ระบายความร้อนด้วยอากาศ
风,fēng,Air/Wind (Cooling),ลม (สำหรับการระบายความร้อน)
气流,qì liú,Airflow,การไหลเวียนของอากาศ (airflow)
机柜级气流控制,jī guì jí qì liú kòng zhì,Airflow Control at the Rack,การควบคุมกระแสลมระดับตู้ rack
辅助设备,fǔ zhù shè bèi,Ancillary Equipment,อุปกรณ์เสริม (ancillary equipment)
盲板,máng bǎn,Blanking Panels,แผ่นปิดช่องว่างตู้ rack (blanking panel)
计算流体动力学,jì suàn liú tǐ dòng lì xué,CFD (Computational Fluid Dynamics),การจำลอง CFD เพื่อดูการไหลเวียนของอากาศ
冷冻水型空调,lěng dòng shuǐ xíng kōng tiáo,Chilled Water Air Conditioner (CRAH),เครื่องปรับอากาศระบบน้ำเย็น (CRAH)
冷冻水供水温度,lěng dòng shuǐ gōng shuǐ wēn dù,Chilled Water Supply Temperature,อุณหภูมิน้ำเย็นขาเข้า
冷水系统,lěng shuǐ xì tǒng,Chilled Water System,ระบบน้ำเย็น (chilled water)
冷水机,lěng shuǐ jī,Chiller,เครื่องทำน้ำเย็น (chiller)
冷水机组,lěng shuǐ jī zǔ,Chillers,เครื่องทำน้ำเย็น (chiller)
封闭冷通道,fēng bì lěng tōng dào,Cold Aisle Containment,การปิดล้อมช่องทางเดินเย็น (cold aisle containment)
压缩机,yā suō jī,Compressor,คอมเพรสเซอร์
机房空调 (CRAC),jī fáng kōng tiáo,Computer Room Air Conditioners (CRAC),เครื่องปรับอากาศห้องคอมพิวเตอร์ (CRAC)
CRAH（精密空调）,CRAH (jīng mì kōng tiáo),Computer Room Air Handler (CRAH),เครื่องปรับอากาศแบบ CRAH
冷凝器,lěng níng qì,Condenser,คอนเดนเซอร์ (เครื่องควบแน่น)
连管,lián guǎn,Connecting Pipe / Tube,ท่อเชื่อมต่อ
连接器接口,lián jiē qì jiē kǒu,Connector Interface,จุดเชื่อมต่ออุปกรณ์ (connector interface)
承包商供应部件,chéng bāo shāng gōng yìng bù jiàn,Contractor-Sourced Component,ชิ้นส่วนที่จัดหาโดยผู้รับเหมา
制冷,zhì lěng,Cooling,ระบบทำความเย็น (cooling)
冷却气流系统,lěng què qì liú xì tǒng,Cooling Airflow System,ระบบการไหลเวียนอากาศเย็น
制冷容量,zhì lěng róng liàng,Cooling Capacity,ความสามารถในการทำความเย็น
冷量分配,lěng liàng fēn pèi,Cooling Capacity Distribution,การกระจายความเย็น
制冷挑战,zhì lěng tiǎo zhàn,Cooling Challenges,ความท้าทายด้านการทำความเย็น
制冷效率,zhì lěng xiào lǜ,Cooling Efficiency,ประสิทธิภาพการทำความเย็น
制冷基础设施,zhì lěng jī chǔ shè shī,Cooling Infrastructure,โครงสร้างพื้นฐานด้านความเย็น
冷源系统,lěng yuán xì tǒng,Cooling Source System / Chiller Plant,ระบบแหล่งความเย็น (chiller plant)
制冷子系统,zhì lěng zǐ xì tǒng,Cooling Subsystem,ระบบย่อยด้านการทำความเย็น
制冷系统,zhì lěng xì tǒng,Cooling System,ระบบทำความเย็น (cooling system)
冷却塔,lěng què tǎ,Cooling Tower,หอผึ่งเย็น (cooling tower)
水塔回,shuǐ tǎ huí,Cooling Tower Return,น้ำกลับจากหอผึ่งเย็น
机房空调（精密空调）,jī fáng kōng tiáo (jīng mì kōng tiáo),CRAC Unit (Computer Room Air Conditioner),เครื่องปรับอากาศห้องเซิร์ฟเวอร์ (CRAC)
需求对抗（多台空调互相竞争）,xū qiú duì kàng,Demand Fighting,การแย่งกันทำงานของเครื่องปรับอากาศหลายตัว (demand fighting)
直接蒸发冷却,zhí jiē zhēng fā lěng què,Direct Evaporative Cooling,การทำความเย็นแบบระเหยโดยตรง
冷风系统,lěng fēng xì tǒng,Direct Expansion (DX) Cooling System,ระบบทำความเย็นแบบ direct expansion
直通风方案,zhí tōng fēng fāng àn,Direct Fresh Air (Ventilation) Solution,ระบบระบายอากาศแบบ fresh air โดยตรง
直接水冷,zhí jiē shuǐ lěng,Direct Water Cooling,ระบบระบายความร้อนด้วยน้ำโดยตรง
电加热,diàn jiā rè,Electric Heater,เครื่องทำความร้อนไฟฟ้า
环境试验箱,huán jìng shì yàn xiāng,Environmental Chamber,ตู้ทดสอบสภาพแวดล้อม
蒸发器,zhēng fā qì,Evaporator,อีวาพอเรเตอร์ (เครื่องระเหย)
排风/回风,pái fēng / huí fēng,Exhaust Air,ลมร้อนที่ระบายออก (exhaust air)
膨胀阀,péng zhàng fá,Expansion Valve,วาล์วขยายตัว
风机,fēng jī,Fan,พัดลม (fan)
干燥过滤器,gān zào guò lǜ qì,Filter Drier,ตัวกรองความชื้น (filter drier)
自然冷却类型,zì rán lěng què lèi xíng,Free Cooling Types,ประเภทของระบบ free cooling
热交换器,rè jiāo huàn qì,Heat Exchangers,เครื่องแลกเปลี่ยนความร้อน (heat exchanger)
转轮自然冷却方案,zhuàn lún zì rán lěng què fāng àn,Heat Wheel Free Cooling Solution,ระบบ free cooling แบบ heat wheel
高压气体喷射,gāo yā qì tǐ pēn shè,High-Pressure Gas Jetting,การพ่นแก๊สแรงดันสูง
水平送风,shuǐ píng sòng fēng,Horizontal Air Supply,การจ่ายลมแนวนอน
冷热气流隔离,lěng rè qì liú gé lí,Hot Air / Cold Air Separation,การแยกลมร้อน-ลมเย็น (hot aisle / cold aisle)
封闭热通道,fēng bì rè tōng dào,Hot Aisle Containment,การปิดล้อมช่องทางเดินร้อน (hot aisle containment)
热排风,rè pái fēng,Hot Exhaust Air,ลมร้อนที่ระบายออกจากอุปกรณ์
热点,rè diǎn,Hot Spot,จุดที่มีอุณหภูมิสูงผิดปกติ (hot spot)
湿度控制,shī dù kòng zhì,Humidity Control,การควบคุมความชื้น
湿度监测,shī dù jiān cè,Humidity Monitoring,การตรวจวัดความชื้น
浸没式液冷系统,jìn mò shì yè lěng xì tǒng,Immersion Liquid Cooling System,ระบบทำความเย็นแบบแช่ในของเหลว (immersion cooling)
间接蒸发冷却,jiàn jiē zhēng fā lěng què,Indirect Evaporative Cooling,การทำความเย็นแบบระเหยทางอ้อม
液体源最小化,yè tǐ yuán zuì xiǎo huà,Liquid Source Minimization,การลดแหล่งของเหลวให้น้อยที่สุด
人工冷源,rén gōng lěng yuán,Mechanical Cooling Source,แหล่งความเย็นแบบกลไก (mechanical cooling)
轻微泄露,qīng wēi xiè lòu,Minor Leak,การรั่วไหลเล็กน้อย
消声器,xiāo shēng qì,Muffler / Silencer,ตัวลดเสียง (silencer)
针阀,zhēn fá,Needle Valve,วาล์วเข็ม (needle valve)
针阀阀芯,zhēn fá fá xīn,Needle Valve Core,แกนวาล์วเข็ม (needle valve core)
管路,guǎn lù,Piping,ระบบท่อ (piping)
管路系统,guǎn lù xì tǒng,Piping System,ระบบท่อ
板式换热器,bǎn shì huàn rè qì,Plate Heat Exchanger,เครื่องแลกเปลี่ยนความร้อนแบบแผ่น
静压箱/送风腔,jìng yā xiāng / sòng fēng qiāng,Plenum,ช่องส่งลมเย็น (plenum)
精密空调,jīng mì kōng tiáo,Precision Air Conditioner (CRAC),เครื่องปรับอากาศแบบแม่นยำ (CRAC)
泵,bèng,Pump,ปั๊ม
水泵机组,shuǐ bèng jī zǔ,Pump Packages,ชุดปั๊มน้ำ (pump package)
R410A制冷剂,R sì yī líng A zhì lěng jì,R410A Refrigerant,สารทำความเย็น R410A
机柜级空调系统,jī guì jí kōng tiáo xì tǒng,Rack-Level (In-Rack) Cooling System,ระบบทำความเย็นแบบ in-rack
机架级配电/配冷装置,jī jià jí pèi diàn / pèi lěng zhuāng zhì,Rack-Level Distribution Devices,อุปกรณ์กระจายไฟ/ความเย็นระดับตู้ rack
地板等送风系统,dì bǎn děng sòng fēng xì tǒng,Raised Floor Air Supply System,ระบบจ่ายลมใต้พื้นยก
补焊,bǔ hàn,Re-Welding / Patch Welding,การเชื่อมซ่อม
制冷剂,zhì lěng jì,Refrigerant,สารทำความเย็น
制冷剂冻伤,zhì lěng jì dòng shāng,Refrigerant Frostbite,แผลจากสารทำความเย็นแช่แข็ง
制冷剂泄露处理办法,zhì lěng jì xiè lòu chǔ lǐ bàn fǎ,Refrigerant Leak Response Procedure,ขั้นตอนการรับมือเมื่อสารทำความเย็นรั่ว
制冷剂泄露类型,zhì lěng jì xiè lòu lèi xíng,Refrigerant Leak Type,ประเภทของการรั่วไหลของสารทำความเย็น
制冷剂管路,zhì lěng jì guǎn lù,Refrigerant Piping,ท่อสารทำความเย็น
制冷剂系统,zhì lěng jì xì tǒng,Refrigerant System,ระบบสารทำความเย็น (refrigerant)
冷媒传递,lěng méi chuán dì,Refrigerant Transfer,การส่งผ่านสารทำความเย็น
制冷上岗操作证,zhì lěng shàng gǎng cāo zuò zhèng,Refrigeration Job Operation Permit,ใบอนุญาตปฏิบัติงานด้านการทำความเย็น
制冷工证,zhì lěng gōng zhèng,Refrigeration Technician Certificate,ใบรับรองช่างทำความเย็น
改造/加装,gǎi zào / jiā zhuāng,Retrofit,การปรับปรุงระบบเดิม (retrofit)
回风温度,huí fēng wēn dù,Return Air Temperature,อุณหภูมิลมกลับ (return air)
回风系统,huí fēng xì tǒng,Return Systems (Air Return),ระบบลมกลับ (return air system)
房间级空调系统,fáng jiān jí kōng tiáo xì tǒng,Room-Based (Room-Level) Cooling System,ระบบทำความเย็นระดับห้อง
行级空调系统,háng jí kōng tiáo xì tǒng,Row-Based (In-Row) Cooling System,ระบบทำความเย็นแบบ in-row
安全口爆开,ān quán kǒu bào kāi,Safety Valve Rupture,วาล์วนิรภัยแตกระเบิด
严重泄露,yán zhòng xiè lòu,Severe / Major Leak,การรั่วไหลรุนแรง
液视镜,yè shì jìng,Sight Glass,กระจกมองระดับน้ำยา (sight glass)
电磁阀,diàn cí fá,Solenoid Valve,วาล์วโซลินอยด์
负压/亚大气压,fù yā / yà dà qì yā,Sub-atmospheric Pressure,ความดันต่ำกว่าบรรยากาศ (negative pressure)
送风,sòng fēng,Supply Air,ลมเย็นที่จ่ายเข้าไป (supply air)
温控系统,wēn kòng xì tǒng,Temperature Control System,ระบบควบคุมอุณหภูมิ
温度监控,wēn dù jiān kòng,Temperature Monitoring,การตรวจสอบอุณหภูมิ
末端气流组织系统,mò duān qì liú zǔ zhī xì tǒng,Terminal Airflow Organization System,ระบบจัดการทิศทางลมปลายทาง
热负荷,rè fù hè,Thermal Load,ภาระความร้อน (thermal load)
上送风,shàng sòng fēng,Top (Overhead) Air Supply,การจ่ายลมจากด้านบน
上送下回风,shàng sòng xià huí fēng,"Top Supply, Bottom Return Air",จ่ายลมบน กลับลมล่าง
上送上回风,shàng sòng shàng huí fēng,"Top Supply, Top Return Air",จ่ายลมบน กลับลมบน
制冷总量,zhì lěng zǒng liàng,Total Cooling Capacity,ความสามารถทำความเย็นรวม
地板下送风,dì bǎn xià sòng fēng,Under-Floor Air Supply,การจ่ายลมใต้พื้น
通风面积,tōng fēng miàn jī,Ventilation Area,พื้นที่ระบายอากาศ
垂直温度梯度,chuí zhí wēn dù tī dù,Vertical Temperature Gradient,การไล่ระดับอุณหภูมิในแนวดิ่ง
水,shuǐ,Water,น้ำที่ใช้ในระบบ (water)
水塔,shuǐ tǎ,Water Tower / Tank,ถังน้ำ/หอน้ำ
水冷冷水系统,shuǐ lěng lěng shuǐ xì tǒng,Water-Cooled Chilled Water System,ระบบน้ำเย็นระบายความร้อนด้วยน้ำ
水冷冷风系统,shuǐ lěng lěng fēng xì tǒng,Water-Cooled Direct Expansion System,ระบบ DX ระบายความร้อนด้วยน้ำ
水冷IT设备,shuǐ lěng IT shè bèi,Water-Cooled IT Equipment,อุปกรณ์ IT ระบายความร้อนด้วยน้ำ
水冷系统,shuǐ lěng xì tǒng,Water-Cooled System,ระบบระบายความร้อนด้วยน้ำ
水侧自然冷却方案,shuǐ cè zì rán lěng què fāng àn,Waterside Free Cooling Solution,ระบบ free cooling ฝั่งน้ำ (waterside)
19英寸机柜,shí jiǔ yīng cùn jī guì,19-Inch Enclosure,ตู้ rack ขนาด 19 นิ้ว
42U机柜,sì shí èr U jī guì,42U Rack,ตู้ rack ขนาด 42U
可调安装导轨,kě tiáo ān zhuāng dǎo guǐ,Adjustable Mounting Rail,รางติดตั้งแบบปรับได้
机柜,jī guì,Cabinet / Rack,ตู้ rack
机柜使用率（Cabinet Usage）,jī guì shǐ yòng lǜ,Cabinet Usage Rate,อัตราการใช้งานตู้ rack
脚轮,jiǎo lún,Castor (Caster),ล้อเลื่อนตู้ rack (castor)
土建电气,tǔ jiàn diàn qì,Civil and Electrical Works,งานโยธาและงานไฟฟ้า
混凝土楼板,hùn níng tǔ lóu bǎn,Concrete Slab Floor,พื้นคอนกรีต (concrete slab floor)
吊顶,diào dǐng,Dropped Ceiling,ฝ้าเพดานแบบแขวน (dropped ceiling)
EIA 310标准,EIA 310 biāo zhǔn,EIA 310,มาตรฐาน EIA 310
EIA 310-D标准,EIA sān yāo líng D biāo zhǔn,EIA 310-D Standard,มาตรฐาน EIA 310-D สำหรับตู้ rack
电子工业联盟,diàn zǐ gōng yè lián méng,Electronic Industries Alliance (EIA),สมาคมอุตสาหกรรมอิเล็กทรอนิกส์ (EIA)
可现场翻转门,kě xiàn chǎng fān zhuǎn mén,Field Reversible Door,ประตูตู้ rack ที่สลับด้านได้หน้างาน
高密度,gāo mì dù,High Density,ความหนาแน่นสูง (high density)
高密度机柜,gāo mì dù jī guì,High Density Rack,ตู้ rack ความหนาแน่นสูง
IEC 297-3标准,IEC 297-3 biāo zhǔn,IEC 297-3,มาตรฐาน IEC 297-3
内部装修,nèi bù zhuāng xiū,Interior Finishing/Fit-out,งานตกแต่งภายใน (fit-out)
国际电工委员会,guó jì diàn gōng wěi yuán huì,International Electro-technical Commission (IEC),คณะกรรมาธิการไฟฟ้าระหว่างประเทศ (IEC)
设备隔离与分区,shè bèi gé lí yǔ fēn qū,Isolating and Partitioning Equipment,การแยกและกั้นพื้นที่อุปกรณ์
IT设备,IT shè bèi,IT Equipment,อุปกรณ์ IT
IT机柜,IT jī guì,IT Rack,ตู้ rack IT
局域网机房,jú yù wǎng jī fáng,LAN Room,ห้อง LAN
装卸货平台,zhuāng xiè huò píng tái,Loading Dock,ท่าขนถ่ายสินค้า
安装导轨,ān zhuāng dǎo guǐ,Mounting Rail,รางติดตั้งอุปกรณ์ในตู้ rack
多厂商兼容性,duō chǎng shāng jiān róng xìng,Multi-Vendor Compatibility,ความเข้ากันได้ระหว่างหลายผู้ผลิต
网络机房,wǎng luò jī fáng,Network Rooms,ห้องเครือข่าย (network room)
穿孔门,chuān kǒng mén,Perforated Door,ประตูตู้ rack แบบมีรูระบายอากาศ
穿孔机柜门（通风）,chuān kǒng jī guì mén,Perforated Rack Doors (Ventilation),ประตูตู้ rack แบบมีรู (ระบายอากาศ)
物理结构,wù lǐ jié gòu,Physical Structure,โครงสร้างทางกายภาพ
快拆铰链销,kuài chāi jiǎo liàn xiāo,Quick-Release Hinge Pin,สลักบานพับแบบถอดเร็ว
快拆侧板,kuài chāi cè bǎn,Quick-Release Side Panel,แผงข้างตู้ rack แบบถอดเร็ว
机柜深度,jī guì shēn dù,Rack Depth,ความลึกของตู้ rack
机柜外壳,jī guì wài ké,Rack Enclosure,ตู้ rack แบบปิด (rack enclosure)
机架安装,jī jià ān zhuāng,Rack Mounting,การติดตั้งบนตู้ rack (rack mounting)
机架系统,jī jià xì tǒng,Rack System,ระบบตู้ rack
机架优化形态,jī jià yōu huà xíng tài,Rack-Optimized Form,รูปแบบที่ออกแบบให้เหมาะกับตู้ rack
机柜系统,jī guì xì tǒng,Rack/Cabinet System,ระบบตู้ rack
机架与物理结构,jī jià yǔ wù lǐ jié gòu,Racks and Physical Structure,ตู้ rack และโครงสร้างทางกายภาพ
架空地板,jià kōng dì bǎn,Raised Floor,พื้นยกระดับ (raised floor)
后部安装,hòu bù ān zhuāng,Rear Mounting,การติดตั้งด้านหลังตู้ rack
服务器迁移,fú wù qì qiān yí,Server Migration,การย้ายเซิร์ฟเวอร์ (server migration)
服务器出货量,fú wù qì chū huò liàng,Server Unit Shipments,ยอดจัดส่งเซิร์ฟเวอร์
空间,kōng jiān,Space (Occupancy Data),พื้นที่ (ข้อมูลการใช้พื้นที่)
分体式后门,fēn tǐ shì hòu mén,Split Rear Door (French Door),ประตูหลังแบบแยกสองบาน (split rear door)
结构楼板,jié gòu lóu bǎn,Structural Floor Slab,พื้นโครงสร้างอาคาร
电信设备,diàn xìn shè bèi,Telecommunications Equipment,อุปกรณ์โทรคมนาคม
U高度,U gāo dù,U Height,ความสูงหน่วย U ของตู้ rack
已用 / 空闲,yǐ yòng / kòng xián,Used / Free,ใช้แล้ว / ว่าง
厂商中立机柜,chǎng shāng zhōng lì jī guì,Vendor-Neutral Rack,ตู้ rack ที่ใช้ได้กับทุกยี่ห้อ
设备检修禁止合闸,shè bèi jiǎn xiū jìn zhǐ hé zhá,"""Equipment Under Maintenance, Do Not Switch On"" Sign","ป้าย ""กำลังซ่อมบำรุง ห้ามสับสวิตช์"""
1211干粉灭火器,yī èr yī yī gān fěn miè huǒ qì,1211 Dry Powder Fire Extinguisher,ถังดับเพลิงผงเคมีแห้งรุ่น 1211
出入管制与安全,chū rù guǎn zhì yǔ ān quán,Access and Security,การควบคุมการเข้าออกและความปลอดภัย
门禁,mén jìn,Access Control,ระบบควบคุมการเข้าออก (access control)
访问需求,fǎng wèn xū qiú,Access Requirements,ข้อกำหนดในการเข้าถึง
意外喷放,yì wài pēn fàng,Accidental Discharge,การปล่อยสารดับเพลิงโดยไม่ตั้งใจ
吸音材料,xī yīn cái liào,Acoustical Material,วัสดุดูดซับเสียง
主管当局,zhǔ guǎn dāng jú,AHJ (Authority Having Jurisdiction),หน่วยงานที่มีอำนาจกำกับดูแล (AHJ)
报警显示盘,bào jǐng xiǎn shì pán,Annunciator Panel,แผงแสดงผลสัญญาณเตือน
有管辖权的主管当局,yǒu guǎn xiá quán de zhǔ guǎn dāng jú,Authority Having Jurisdiction (AHJ),หน่วยงานที่มีอำนาจกำกับดูแล (AHJ)
生物识别,shēng wù shí bié,Biometric Identification,การระบุตัวตนด้วยไบโอเมตริก
楼宇安防系统,lóu yǔ ān fáng xì tǒng,Building Security System,ระบบรักษาความปลอดภัยของอาคาร
四氯化碳气体灭火器,sì lǜ huà tàn qì tǐ miè huǒ qì,Carbon Tetrachloride Gas Extinguisher,ถังดับเพลิงแก๊สคาร์บอนเตตราคลอไรด์
门禁卡与保安安防,mén jìn kǎ yǔ bǎo ān ān fáng,Card-and-Guard Security,ระบบรักษาความปลอดภัยด้วยบัตรและเจ้าหน้าที่รักษาความปลอดภัย
一级等级,yī jí děng jí,Class 1 Rating,เรตติ้งระดับ Class 1
二氧化碳灭火器,èr yǎng huà tàn miè huǒ qì,CO2 Fire Extinguisher,ถังดับเพลิงคาร์บอนไดออกไซด์ (CO2)
密码锁,mì mǎ suǒ,Combination Lock,กุญแจรหัส (combination lock)
网络安全,wǎng luò ān quán,Cybersecurity,ความปลอดภัยทางไซเบอร์
干粉灭火器,gān fěn miè huǒ qì,Dry Chemical Extinguisher,ถังดับเพลิงผงเคมีแห้ง
功能丧失导致的经济损失,gōng néng sàng shī dǎo zhì de jīng jì sǔn shī,Economic Loss from Loss of Function,ความเสียหายทางเศรษฐกิจจากการสูญเสียการทำงานของระบบ
记录丢失导致的经济损失,jì lù diū shī dǎo zhì de jīng jì sǔn shī,Economic Loss from Loss of Records,ความเสียหายทางเศรษฐกิจจากการสูญเสียข้อมูล/บันทึก
设备价值损失导致的经济损失,shè bèi jià zhí sǔn shī dǎo zhì de jīng jì sǔn shī,Economic Loss from Value of Equipment,ความเสียหายทางเศรษฐกิจจากมูลค่าอุปกรณ์ที่สูญเสีย
边缘保护条,biān yuán bǎo hù tiáo,Edge Trim,แถบกันขอบ
电子锁,diàn zǐ suǒ,Electronic Lock,กุญแจอิเล็กทรอนิกส์
紧急电源关闭系统,jǐn jí diàn yuán guān bì xì tǒng,EPO (Emergency Power Off) System,ระบบ EPO (ตัดไฟฉุกเฉิน)
紧急电源切断按钮,jǐn jí diàn yuán qiē duàn àn niǔ,EPO Button (Emergency Power Off),ปุ่ม EPO ตัดไฟฉุกเฉิน
防爆措施,fáng bào cuò shī,Explosion-Proof Measures,มาตรการป้องกันการระเบิด
伪造身份,wěi zào shēn fèn,Falsify Identity,การปลอมแปลงตัวตน
火,huǒ,Fire,ไฟ (อัคคีภัย)
火警警铃,huǒ jǐng jǐng líng,Fire Alarm Bell,กระดิ่งสัญญาณเตือนไฟไหม้
火灾报警控制盘,huǒ zāi bào jǐng kòng zhì pán,Fire Alarm Control Panel,แผงควบคุมสัญญาณเตือนไฟไหม้
手动报警按钮,shǒu dòng bào jǐng àn niǔ,Fire Alarm Pull Station,จุดดึงสัญญาณเตือนไฟไหม้ด้วยมือ
火灾报警系统,huǒ zāi bào jǐng xì tǒng,Fire Alarm System,ระบบสัญญาณเตือนไฟไหม้
防火阀,fáng huǒ fá,Fire Damper,แดมเปอร์กันไฟในท่อลม
火灾探测系统,huǒ zāi tàn cè xì tǒng,Fire Detection System,ระบบตรวจจับอัคคีภัย
火警电话,huǒ jǐng diàn huà,Fire Emergency Phone,โทรศัพท์แจ้งเหตุเพลิงไหม้
灭火器,miè huǒ qì,Fire Extinguisher,ถังดับเพลิง
消防栓,xiāo fáng shuān,Fire Hydrant,หัวจ่ายน้ำดับเพลิง (fire hydrant)
消防监督员,xiāo fáng jiān dū yuán,Fire Marshal,เจ้าหน้าที่ตรวจสอบความปลอดภัยด้านอัคคีภัย
消防行业最佳实践,xiāo fáng háng yè zuì jiā shí jiàn,Fire Protection Industry Best Practices,แนวปฏิบัติที่ดีที่สุดในอุตสาหกรรมป้องกันอัคคีภัย
消防系统,xiāo fáng xì tǒng,Fire Protection System,ระบบป้องกันอัคคีภัย
耐火等级,nài huǒ děng jí,Fire Rating,ระดับการทนไฟ
火灾风险缓解,huǒ zāi fēng xiǎn huǎn jiě,Fire Risk Mitigation,การลดความเสี่ยงจากอัคคีภัย
防火保险柜,fáng huǒ bǎo xiǎn guì,Fire Safe Vault,ตู้เซฟกันไฟ
消防喷淋头,xiāo fáng pēn lín tóu,Fire Sprinkler,หัวสปริงเกลอร์ดับเพลิง
灭火系统,miè huǒ xì tǒng,Fire Suppression System,ระบบดับเพลิง (fire suppression)
火灾威胁,huǒ zāi wēi xié,Fire Threat,ภัยคุกคามจากอัคคีภัย
监护措施,jiān hù cuò shī,Fire Watch / Monitoring Measures,มาตรการเฝ้าระวังไฟระหว่างงานเชื่อม
灭火器材,miè huǒ qì cái,Fire-Fighting Equipment,อุปกรณ์ดับเพลิง
防火等级建筑结构,fáng huǒ děng jí jiàn zhù jié gòu,Fire-resistant-rated Construction,โครงสร้างอาคารที่มีระดับทนไฟ
防火密封胶,fáng huǒ mì fēng jiāo,Fireproof Sealant,กาวซีลกันไฟ
火焰蔓延等级,huǒ yàn màn yán děng jí,Flame Spread Rating,ระดับการลามไฟ
易燃易爆气体,yì rán yì bào qì tǐ,Flammable and Explosive Gas,แก๊สไวไฟและระเบิดได้ง่าย
可燃性气体,kě rán xìng qì tǐ,Flammable Gas,แก๊สไวไฟ
泡沫灭火器,pào mò miè huǒ qì,Foam Fire Extinguisher,ถังดับเพลิงชนิดโฟม
气体灭火全淹没系统,qì tǐ miè huǒ quán yān mò xì tǒng,Gaseous Agent Total Flooding System,ระบบดับเพลิงด้วยแก๊สแบบท่วมพื้นที่ทั้งหมด
哈龙替代气体,hā lóng tì dài qì tǐ,Halon Alternative,สารดับเพลิงทดแทนฮาลอน
动火证,dòng huǒ zhèng,Hot Work Permit,ใบอนุญาตงานก่อประกายไฟ (hot work permit)
动火审批手续,dòng huǒ shěn pī shǒu xù,Hot Work Permit Approval,ขั้นตอนขออนุมัติงานที่ก่อประกายไฟ (hot work)
身份识别三原则（所有物/所知信息/生物特征）,shēn fèn shí bié sān yuán zé,Identification Principles (What you have / What you know / Who you are),หลักการยืนยันตัวตนสามข้อ (สิ่งที่มี/สิ่งที่รู้/ตัวตนทางชีวภาพ)
完整性、安全性与可用性,"wán zhěng xìng, ān quán xìng yǔ kě yòng xìng","Integrity, Safety, and Availability",ความสมบูรณ์ ความปลอดภัย และความพร้อมใช้งาน
金属柜,jīn shǔ guì,Metal Cabinet,ตู้เหล็ก
监控设备,jiān kòng shè bèi,Monitoring Equipment (Surveillance Camera),อุปกรณ์เฝ้าระวัง เช่น กล้องวงจรปิด
美国国家消防协会,měi guó guó jiā xiāo fáng xié huì,National Fire Protection Association (NFPA),สมาคมป้องกันอัคคีภัยแห่งชาติสหรัฐฯ (NFPA)
NFPA 75标准,NFPA 75 biāo zhǔn,NFPA 75,มาตรฐาน NFPA 75
NFPA规范与设计标准,NFPA guī fàn yǔ shè jì biāo zhǔn,NFPA Codes and Design Standards,ข้อกำหนดและมาตรฐานการออกแบบของ NFPA
不燃绝缘介质,bù rán jué yuán jiè zhì,Noncombustible Dielectric,ฉนวนที่ไม่ติดไฟ
现场防火制度,xiàn chǎng fáng huǒ zhì dù,On-Site Fire Prevention Protocol,ระเบียบป้องกันอัคคีภัยหน้างาน
人员出入控制,rén yuán chū rù kòng zhì,Personnel Access Control,การควบคุมการเข้าออกของบุคลากร
物理安防,wù lǐ ān fáng,Physical Security,ความปลอดภัยทางกายภาพ
物理门禁安全,wù lǐ mén jìn ān quán,Physical-Access Security,ความปลอดภัยในการเข้าถึงทางกายภาพ
确认身份识别,què rèn shēn fèn shí bié,Positive Identification,การยืนยันตัวตนที่ชัดเจน
预作用喷淋系统,yù zuò yòng pēn lín xì tǒng,Pre-action Sprinkler,ระบบสปริงเกลอร์แบบ pre-action
法规要求,fǎ guī yāo qiú,Regulatory Requirements,ข้อกำหนดทางกฎหมาย
安防数据远程管理,ān fáng shù jù yuǎn chéng guǎn lǐ,Remote Management of Security Data,การบริหารจัดการข้อมูลความปลอดภัยจากระยะไกล
限制访问,xiàn zhì fǎng wèn,Restricting Access,การจำกัดการเข้าถึง
风险承受度,fēng xiǎn chéng shòu dù,Risk Tolerance,ระดับการยอมรับความเสี่ยง
蓄意破坏,xù yì pò huài,Sabotage,การก่อวินาศกรรม (sabotage)
砂箱,shā xiāng,Sand Box (fire suppression),กล่องทรายดับเพลิง
沙土灭火,shā tǔ miè huǒ,Sand Fire Suppression,การดับไฟด้วยทราย
备用水源,bèi yòng shuǐ yuán,Secondary Water Source,แหล่งน้ำสำรอง
安防告警（Security）,ān fáng gào jǐng,Security Alarm,alarm ด้านความปลอดภัย (security)
安防与消防,ān fáng yǔ xiāo fáng,Security and Fire Protection,ระบบรักษาความปลอดภัยและป้องกันอัคคีภัย
安防系统,ān fáng xì tǒng,Security System,ระบบรักษาความปลอดภัย
烟雾探测,yān wù tàn cè,Smoke Detection,การตรวจจับควัน
烟感,yān gǎn,Smoke Detector,เครื่องตรวจจับควัน
发烟等级,fā yān děng jí,Smoke Developed Rating,ระดับการเกิดควัน
排烟系统,pái yān xì tǒng,Smoke Purging System,ระบบระบายควัน
软件攻击,ruǎn jiàn gōng jī,Software Attack,การโจมตีทางซอฟต์แวร์
喷淋头,pēn lín tóu,Sprinkler Head,หัวสปริงเกลอร์
喷淋系统阀门,pēn lín xì tǒng fá mén,Sprinkler System Valve,วาล์วของระบบสปริงเกลอร์
信息技术设备消防标准,xìn xī jì shù shè bèi xiāo fáng biāo zhǔn,Standard for the Fire Protection of Information Technology Equipment,มาตรฐานการป้องกันอัคคีภัยสำหรับอุปกรณ์เทคโนโลยีสารสนเทศ
灭火剂,miè huǒ jì,Suppression Agent,สารดับเพลิง
磁带库,cí dài kù,Tape Library,ตู้เก็บเทปสำรองข้อมูล
人员活动追踪,rén yuán huó dòng zhuī zōng,Tracking of Human Activity,การติดตามความเคลื่อนไหวของบุคลากร
UL认证延长线,UL rèn zhèng yán cháng xiàn,UL Approved Extension Cord,ปลั๊กพ่วงที่ผ่านมาตรฐาน UL
未受保护的键盘,wèi shòu bǎo hù de jiàn pán,Unsecured Keyboard,คีย์บอร์ดที่ไม่มีการป้องกัน
视频,shì pín,Video (Surveillance),กล้องวงจรปิด (video surveillance)
网站托管站点,wǎng zhàn tuō guǎn zhàn diǎn,Web Hosting Site,ไซต์โฮสติ้งเว็บไซต์
你所拥有的（身份识别要素）,nǐ suǒ yōng yǒu de,What You Have (Identification Principle),สิ่งที่คุณมี (หลักการยืนยันตัวตน)
你所知道的（身份识别要素）,nǐ suǒ zhī dào de,What You Know (Identification Principle),สิ่งที่คุณรู้ (หลักการยืนยันตัวตน)
你是谁（身份识别要素）,nǐ shì shuí,Who You Are (Identification Principle),สิ่งที่คุณเป็น (หลักการยืนยันตัวตน)
线缆弯曲半径,xiàn lǎn wān qǔ bàn jìng,Cable Bend Radius,รัศมีการโค้งงอของสายเคเบิล
线缆管理,xiàn lǎn guǎn lǐ,Cable Management,การจัดการสายเคเบิล
理线设备,lǐ xiàn shè bèi,Cable Management Device,อุปกรณ์จัดระเบียบสายเคเบิล
桥架/线缆桥架,qiáo jià / xiàn lǎn qiáo jià,Cable Tray,รางสายเคเบิล (cable tray)
线槽,xiàn cáo,Cable Trough,รางเก็บสาย (cable trough)
布线,bù xiàn,Cabling,ระบบสายเคเบิล (cabling)
布线基础设施,bù xiàn jī chǔ shè shī,Cabling Infrastructure,โครงสร้างพื้นฐานด้านสายเคเบิล
导线桥架,dǎo xiàn qiáo jià,Cabling Tray,รางเดินสาย (cable tray)
圆密耳（导线截面积单位）,yuán mì ěr,Circular Mil,หน่วยพื้นที่หน้าตัดสายไฟ (circular mil)
线管/导管,xiàn guǎn / dǎo guǎn,Conduit,ท่อร้อยสาย (conduit)
核心关键基础设施组件,hé xīn guān jiàn jī chǔ shè shī zǔ jiàn,Core Critical Infrastructure Components,องค์ประกอบหลักของโครงสร้างพื้นฐานที่สำคัญ
数据线缆,shù jù xiàn lǎn,Data Cables,สายเคเบิลข้อมูล
数据端口,shù jù duān kǒu,Data Port,พอร์ตข้อมูล
悬挂装置,xuán guà zhuāng zhì,Hanging Device,อุปกรณ์แขวนสายเคเบิ้ล
绝缘失效,jué yuán shī xiào,Insulation Failure,ฉนวนเสื่อมสภาพ
美国国家电气规范,měi guó guó jiā diàn qì guī fàn,National Electric Code (NEC),มาตรฐานไฟฟ้าแห่งชาติสหรัฐฯ (NEC)
网络连接,wǎng luò lián jiē,Network Connectivity,การเชื่อมต่อเครือข่าย
架空布线,jià kōng bù xiàn,Overhead Cabling,การเดินสายลอยด้านบน
架空布线部署,jià kōng bù xiàn bù shǔ,Overhead Deployment,การเดินสายแบบเหนือศีรษะ (overhead)
架空电力与数据布线,jià kōng diàn lì yǔ shù jù bù xiàn,Overhead Power and Data Cabling,การเดินสายไฟและสายข้อมูลลอยด้านบน
过热线缆,guò rè xiàn lǎn,Overheated Wire,สายไฟที่ร้อนเกินไป
配线架端口可用性,pèi xiàn jià duān kǒu kě yòng xìng,Patch Panel Port Availability,จำนวนพอร์ตว่างของ patch panel
电力线缆,diàn lì xiàn lǎn,Power Cables,สายเคเบิลไฟฟ้า
预配置线缆,yù pèi zhì xiàn lǎn,Pre-configured Cabling,สายเคเบิ้ลที่ตั้งค่าไว้ล่วงหน้า
机柜内布线安装,jī guì nèi bù xiàn ān zhuāng,Rack Installation (Cabling),การติดตั้งสายเคเบิลภายในตู้ rack
综合布线,zōng hé bù xiàn,Structured Cabling,ระบบสายเคเบิลแบบมีโครงสร้าง (structured cabling)
交换机,jiāo huàn jī,Switches,สวิตช์เครือข่าย
电信工业协会,diàn xìn gōng yè xié huì,Telecommunication Industry Association (TIA),สมาคมอุตสาหกรรมโทรคมนาคม (TIA)
线缆测试,xiàn lǎn cè shì,Testing Cables,การทดสอบสายเคเบิล
TIA-568-C标准,TIA-568-C biāo zhǔn,TIA-568-C,มาตรฐาน TIA-568-C
扎带,zā dài,Tie Wrap,สายรัดเคเบิ้ล (tie wrap)
地板下布线,dì bǎn xià bù xiàn,Under-the-Floor Cabling,การเดินสายใต้พื้นยก
地下布线部署,dì xià bù xiàn bù shǔ,Underfoot Deployment,การเดินสายแบบใต้พื้น (underfoot)
线径不足的电力线缆,xiàn jìng bù zú de diàn lì xiàn lǎn,Undersized Power Cable,สายไฟที่มีขนาดเล็กเกินไป
VoIP交换机,VoIP jiāo huàn jī,VoIP Switch,สวิตช์ VoIP
线径,xiàn jìng,Wire Size,ขนาดสายไฟ
配线间,pèi xiàn jiān,Wiring Closet,ห้องเดินสาย (wiring closet)
接入,jiē rù,Access / Onboarding,การเชื่อมต่อเข้าระบบ (access)
适应性,shì yìng xìng,Adaptability,ความสามารถในการปรับตัว (adaptability)
高级诊断,gāo jí zhěn duàn,Advanced Diagnostics,การวินิจฉัยขั้นสูง
AI调节,AI tiáo jié,AI-Based Regulation / Adjustment,การปรับตั้งด้วย AI
告警,gào jǐng,Alarm,alarm (การแจ้งเตือน)
告警管理,gào jǐng guǎn lǐ,Alarm Management,การบริหารจัดการ alarm
告警发送方式,gào jǐng fā sòng fāng shì,Alarm Notification Method,วิธีการแจ้งเตือน alarm
告警门户,gào jǐng mén hù,Alarm Portal,หน้าจอศูนย์รวม alarm (alarm portal)
告警登记,gào jǐng dēng jì,Alarm Registration,การลงทะเบียน alarm
设备分组告警,shè bèi fēn zǔ gào jǐng,Alarms by Device Group,การจัดกลุ่ม alarm ตามอุปกรณ์
告警严重等级分组,gào jǐng yán zhòng děng jí fēn zǔ,Alarms by Severity Group,การจัดกลุ่ม alarm ตามระดับความรุนแรง
应用管理解决方案,yìng yòng guǎn lǐ jiě jué fāng àn,Application Management Solution,โซลูชันการบริหารจัดการแอปพลิเคชัน
应用程序编程接口,yìng yòng chéng xù biān chéng jiē kǒu,Application Programming Interface (API),อินเทอร์เฟซโปรแกรมประยุกต์ (API)
评估分析,píng gū fēn xī,Assessment and Analysis,การประเมินและวิเคราะห์
评估阶段,píng gū jiē duàn,Assessment/Evaluation Phase,ขั้นตอนการประเมิน
资产管理,zī chǎn guǎn lǐ,Asset Management,การบริหารจัดการทรัพย์สิน
自动巡检,zì dòng xún jiǎn,Automatic Inspection,การตรวจสอบอัตโนมัติ (auto inspection)
可用性管理,kě yòng xìng guǎn lǐ,Availability Management,การจัดการความพร้อมใช้งาน
基本功能,jī běn gōng néng,Basic Functions,ฟังก์ชันพื้นฐาน
基本状态,jī běn zhuàng tài,Basic Status,สถานะพื้นฐาน
楼宇管理系统,lóu yǔ guǎn lǐ xì tǒng,Building Management System (BMS),ระบบ BMS (Building Management System)
优化业务,yōu huà yè wù,Business Optimization,การปรับปรุงกระบวนการทางธุรกิจ
业务需求,yè wù xū qiú,Business Requirements,ความต้องการทางธุรกิจ
容量管理,róng liàng guǎn lǐ,Capacity Management,การจัดการความจุ (capacity management)
集中管理,jí zhōng guǎn lǐ,Central Management,การบริหารจัดการแบบรวมศูนย์
变更管理,biàn gèng guǎn lǐ,Change Management,การจัดการการเปลี่ยนแปลง (change management)
通信协议（SNMP/Modbus/电总/TXT/Portal）,tōng xìn xié yì,Communication Protocols (SNMP/Modbus/电总/TXT/Portal),โปรโตคอลสื่อสาร (SNMP/Modbus/TXT/Portal)
组态,zǔ tài,Configuration (SCADA-Style Layout),การจัดผังระบบ (configuration แบบ SCADA)
配置管理,pèi zhì guǎn lǐ,Configuration Management,การบริหารจัดการค่าคอนฟิก (configuration)
施工文件,shī gōng wén jiàn,Construction Documents,เอกสารก่อสร้าง
建设阶段,jiàn shè jiē duàn,Construction Phase,ขั้นตอนการก่อสร้าง
控制范围,kòng zhì fàn wéi,Control Scope,ขอบเขตการควบคุม
控制系统,kòng zhì xì tǒng,Control System,ระบบควบคุม (control system)
控制成本,kòng zhì chéng běn,Cost Control,การควบคุมต้นทุน
严重告警（Critical）,yán zhòng gào jǐng,Critical Alarm,alarm ระดับวิกฤต (critical)
跨厂商监控,kuà chǎng shāng jiān kòng,Cross-vendor Monitoring,การเฝ้าติดตามระบบข้ามผู้ผลิตหลายเจ้า
采集,cǎi jí,Data Acquisition / Collection,การเก็บข้อมูล (data acquisition)
数据中心基础设施全生命周期,shù jù zhōng xīn jī chǔ shè shī quán shēng mìng zhōu qī,Data Center Infrastructure Full Lifecycle,วงจรชีวิตทั้งหมดของโครงสร้างพื้นฐานดาต้าเซ็นเตอร์
数据中心管理解决方案（DCIM）,shù jù zhōng xīn guǎn lǐ jiě jué fāng àn,Data Center Management Solution (DCIM),โซลูชันบริหารจัดการดาต้าเซ็นเตอร์ (DCIM)
数据模型,shù jù mó xíng,Data Model,โมเดลข้อมูล
数据点授权,shù jù diǎn shòu quán,Data Point Licensing,การขอไลเซนส์สำหรับจุดข้อมูล (data point)
DCF质量,DCF zhì liàng,DCF Quality (Data Center Facility Quality),คุณภาพของ DCF (Data Center Facility)
数据中心基础设施管理,shù jù zhōng xīn jī chǔ shè shī guǎn lǐ,DCIM (Data Center Infrastructure Management),ระบบ DCIM สำหรับบริหารจัดการโครงสร้างพื้นฐานดาต้าเซ็นเตอร์
DCIM智能化,DCIM zhì néng huà,DCIM Intelligence,ความอัจฉริยะของระบบ DCIM
DCIM管理,DCIM guǎn lǐ,DCIM Management,การบริหารจัดการด้วยระบบ DCIM
DCIM管理系统,DCIM guǎn lǐ xì tǒng,DCIM Management System,ระบบบริหารจัดการ DCIM
DCIM系统,DCIM xì tǒng,DCIM System,ระบบ DCIM
数据中心物理基础设施,shù jù zhōng xīn wù lǐ jī chǔ shè shī,DCPI (Data Center Physical Infrastructure),โครงสร้างพื้นฐานทางกายภาพของดาต้าเซ็นเตอร์ (DCPI)
部署验收,bù shǔ yàn shōu,Deployment and Acceptance,การติดตั้งและตรวจรับ
设计阶段,shè jì jiē duàn,Design Phase,ขั้นตอนการออกแบบ
设计方案,shè jì fāng àn,Design Scheme,แผนการออกแบบ
设计标准,shè jì biāo zhǔn,Design Standard,มาตรฐานการออกแบบ
部件级故障诊断,bù jiàn jí gù zhàng zhěn duàn,Diagnosis to Component Level,การวินิจฉัยปัญหาระดับชิ้นส่วน
审查文件,shěn chá wén jiàn,Document Review,การตรวจสอบเอกสาร
网元管理器,wǎng yuán guǎn lǐ qì,Element Manager,ระบบจัดการอุปกรณ์ (element manager)
环境告警（Environment）,huán jìng gào jǐng,Environment Alarm,alarm ด้านสภาพแวดล้อม
监控环境,jiān kòng huán jìng,Environment Monitoring,การตรวจสอบสภาพแวดล้อม
环境变量,huán jìng biàn liàng,Environmental Variable,ตัวแปรสภาพแวดล้อม เช่น อุณหภูมิ ความชื้น
升级路径,shēng jí lù jìng,Escalation Path,ขั้นตอนการยกระดับแจ้งปัญหา (escalation path)
故障处理,gù zhàng chǔ lǐ,Fault Handling / Troubleshooting,การแก้ไขปัญหาข้อผิดพลาด
故障管理,gù zhàng guǎn lǐ,Fault Management,การบริหารจัดการความผิดปกติ (fault)
故障预测,gù zhàng yù cè,Fault Prediction,การพยากรณ์ความเสียหาย/ข้อผิดพลาด
故障恢复,gù zhàng huī fù,Fault Recovery,การกู้คืนระบบหลังเกิดความผิดปกติ (fault recovery)
固件,gù jiàn,Firmware,เฟิร์มแวร์
固件版本,gù jiàn bǎn běn,Firmware Revision,เวอร์ชันของเฟิร์มแวร์
全局阈值,quán jú yù zhí,Global Threshold,ค่า threshold ที่ตั้งไว้ทั้งระบบ
图形用户界面,tú xíng yòng hù jiè miàn,Graphical User Interface (GUI),หน้าจอผู้ใช้แบบกราฟิก (GUI)
事件管理,shì jiàn guǎn lǐ,Incident Management,การจัดการเหตุการณ์ผิดปกติ (incident management)
事件时间戳,shì jiàn shí jiān chuō,Incident Timestamp,เวลาที่บันทึกเหตุการณ์เกิดขึ้น (timestamp)
初始方案,chū shǐ fāng àn,Initial Proposal/Scheme,แผนเบื้องต้น (initial proposal)
IT基础设施库,IT jī chǔ shè shī kù,ITIL (IT Infrastructure Library),กรอบการทำงาน ITIL สำหรับบริหาร IT
L3 操作系统层,L3 cāo zuò xì tǒng céng,L3 Operating System Layer (virtualization/automation/management/parallel & distributed computing),ชั้น L3 ระบบปฏิบัติการ (virtualization/automation/management)
维护,wéi hù,Maintenance,การบำรุงรักษา (maintenance)
维护窗口期,wéi hù chuāng kǒu qī,Maintenance Window,ช่วงเวลาที่อนุญาตให้ทำการซ่อมบำรุง (maintenance window)
主要告警（Major）,zhǔ yào gào jǐng,Major Alarm,alarm ระดับสำคัญ (major)
可管理性,kě guǎn lǐ xìng,Manageability,ความสามารถในการบริหารจัดการ
管理,guǎn lǐ,Management,ระบบบริหารจัดการ (management)
管理系统,guǎn lǐ xì tǒng,Management Systems,ระบบบริหารจัดการ
制造商通知,zhì zào shāng tōng zhī,Manufacturer Notification,การแจ้งเตือนจากผู้ผลิต
批量远程升级,pī liàng yuǎn chéng shēng jí,Mass Remote Upgrade,การอัปเกรดระยะไกลจำนวนมากพร้อมกัน
计量管理,jì liàng guǎn lǐ,Metering Management,การบริหารจัดการมิเตอร์วัดพลังงาน
次要告警（Minor）,cì yào gào jǐng,Minor Alarm,alarm ระดับรอง (minor)
Modbus,Modbus,Modbus (Industrial Communication Protocol),โปรโตคอล Modbus
模块化架构,mó kuài huà jià gòu,Modular Architecture,สถาปัตยกรรมแบบโมดูลาร์
监控,jiān kòng,Monitoring,การตรวจสอบ/มอนิเตอร์ (monitoring)
监控硬件,jiān kòng yìng jiàn,Monitoring Hardware,ฮาร์ดแวร์สำหรับมอนิเตอร์
监控管理,jiān kòng guǎn lǐ,Monitoring Management,การบริหารจัดการมอนิเตอร์
监控软件,jiān kòng ruǎn jiàn,Monitoring Software,ซอฟต์แวร์สำหรับมอนิเตอร์
监控软件平台,jiān kòng ruǎn jiàn píng tái,Monitoring Software Platform,แพลตฟอร์มซอฟต์แวร์เฝ้าติดตามระบบ
NetEco,NetEco,NetEco (Huawei DCIM Software Platform),แพลตฟอร์ม NetEco ของ Huawei
网络管理解决方案,wǎng luò guǎn lǐ jiě jué fāng àn,Network Management Solution,โซลูชันบริหารจัดการเครือข่าย
网络管理系统,wǎng luò guǎn lǐ xì tǒng,Network Management System (NMS),ระบบ NMS (Network Management System)
运维,yùn wéi,O&M (Operations and Maintenance),งานปฏิบัติการและบำรุงรักษา (O&M)
运维调测,yùn wéi tiáo cè,O&M Commissioning and Testing,การตรวจปรับและทดสอบระบบ O&M
在线门户,zài xiàn mén hù,Online Portal,พอร์ทัลออนไลน์ (online portal)
开放协议,kāi fàng xié yì,Open Protocol,โปรโตคอลแบบเปิด
运维阶段,yùn wéi jiē duàn,Operations and Maintenance (O&M) Phase,ขั้นตอนการดำเนินงานและบำรุงรักษา (O&M)
优化方案,yōu huà fāng àn,Optimization Plan,แผนการปรับปรุง
优化建议,yōu huà jiàn yì,Optimization Recommendations,ข้อเสนอแนะในการปรับปรุง
带外连接,dài wài lián jiē,Out-of-band Connection,การเชื่อมต่อแบบ out-of-band
出站轮询,chū zhàn lún xún,Outbound Polling,การส่งคำขอตรวจสอบสถานะออกไปเป็นระยะ (outbound polling)
综合成本,zōng hé chéng běn,Overall / Comprehensive Cost,ต้นทุนโดยรวม
被动管理,bèi dòng guǎn lǐ,Passive Management,การบริหารจัดการเชิงตั้งรับ (passive)
性能管理,xìng néng guǎn lǐ,Performance Management,การบริหารจัดการประสิทธิภาพ (performance)
性能监测,xìng néng jiān cè,Performance Monitoring,การตรวจสอบประสิทธิภาพ
人员管理,rén yuán guǎn lǐ,Personnel Management,การบริหารบุคลากร
规划设计,guī huà shè jì,Planning and Design,การวางแผนและออกแบบ
规划设计阶段,guī huà shè jì jiē duàn,Planning and Design Phase,ขั้นตอนวางแผนและออกแบบ
规划阶段,guī huà jiē duàn,Planning Phase,ขั้นตอนการวางแผน
Portal,Portal,Portal Interface,หน้าเว็บ portal
电力管理,diàn lì guǎn lǐ,Power Management,การบริหารจัดการพลังงาน
预测性故障分析,yù cè xìng gù zhàng fēn xī,Predictive Failure Analysis,การวิเคราะห์ความเสียหายล่วงหน้า
主动管理,zhǔ dòng guǎn lǐ,Proactive Management,การบริหารจัดการเชิงรุก (proactive)
流程,liú chéng,Process,กระบวนการทำงาน (process)
产品验收,chǎn pǐn yàn shōu,Product Acceptance,การตรวจรับผลิตภัณฑ์
产品调试,chǎn pǐn tiáo shì,Product Commissioning / Debugging,การตรวจปรับผลิตภัณฑ์
产品部署,chǎn pǐn bù shǔ,Product Deployment,การติดตั้งผลิตภัณฑ์
产品操作,chǎn pǐn cāo zuò,Product Operation,การใช้งานผลิตภัณฑ์
项目验收,xiàng mù yàn shōu,Project Acceptance / Commissioning,การตรวจรับโปรเจกต์
项目进度,xiàng mù jìn dù,Project Schedule / Progress,ความคืบหน้าโปรเจกต์
机柜空间利用率,jī guì kōng jiān lì yòng lǜ,Rack Space Utilization,อัตราการใช้พื้นที่ตู้ rack
远程监控,yuǎn chéng jiān kòng,Remote Monitoring,การเฝ้าติดตามระยะไกล
报表,bào biǎo,Report,รายงาน
报表管理,bào biǎo guǎn lǐ,Report Management,การบริหารจัดการรายงาน
风险评估摘要,fēng xiǎn píng gū zhāi yào,Risk Assessment Summary,สรุปผลการประเมินความเสี่ยง
日常维护,rì cháng wéi hù,Routine Maintenance,การบำรุงรักษาประจำวัน
可扩展性,kě kuò zhǎn xìng,Scalability,ความสามารถในการขยายระบบ (scalability)
安全管理,ān quán guǎn lǐ,Security Management,การบริหารจัดการด้านความปลอดภัยของระบบ (security)
业务上架,yè wù shàng jià,Service Go-Live / Rack-In,การขึ้นตู้ rack ให้บริการ
服务水平协议,fú wù shuǐ píng xié yì,Service Level Agreement (SLA),ข้อตกลงระดับบริการ (SLA)
可维修性,kě wéi xiū xìng,Serviceability,ความสามารถในการซ่อมบำรุง (serviceability)
选址评估,xuǎn zhǐ píng gū,Site Selection Assessment,การประเมินเพื่อเลือกที่ตั้ง
短信通知,duǎn xìn tōng zhī,SMS Notification,การแจ้งเตือนผ่าน SMS
SNMP,SNMP,SNMP (Simple Network Management Protocol),โปรโตคอล SNMP
方案设计,fāng àn shè jì,Solution Design,การออกแบบโซลูชัน
SPC使用率（Space/Power/Cooling Usage）,SPC shǐ yòng lǜ,"SPC Usage (Space, Power, Cooling)",อัตราการใช้งาน SPC (พื้นที่/ไฟฟ้า/ความเย็น)
误报警,wù bào jǐng,Spurious Alert,การแจ้งเตือนผิดพลาด (false alarm)
分析状态,fēn xī zhuàng tài,Status Analysis,การวิเคราะห์สถานะ
系统可用性,xì tǒng kě yòng xìng,System Availability,ความพร้อมใช้งานของระบบ
系统管理解决方案,xì tǒng guǎn lǐ jiě jué fāng àn,System Management Solution,โซลูชันบริหารจัดการระบบ
系统冗余,xì tǒng rǒng yú,System Redundancy,ความสำรองของระบบ (redundancy)
TCO成本,TCO chéng běn,TCO (Total Cost of Ownership),ต้นทุนรวมตลอดอายุการใช้งาน (TCO)
第三方系统,dì sān fāng xì tǒng,Third-Party System,ระบบของบุคคลที่สาม
阈值超限,yù zhí chāo xiàn,Threshold Violation,การเกินค่า threshold ที่ตั้งไว้
时间与成本,shí jiān yǔ chéng běn,Time and Cost,เวลาและต้นทุน
传输,chuán shū,Transmission,การส่งข้อมูล
趋势分析,qū shì fēn xī,Trending Analysis,การวิเคราะห์แนวโน้ม
TXT（文本接口）,TXT (wén běn jiē kǒu),TXT (Text File Interface),รูปแบบไฟล์ TXT (text interface)
用户管理,yòng hù guǎn lǐ,User Management,การบริหารจัดการผู้ใช้งาน
用户角色,yòng hù jué sè,User Role,สิทธิ์การใช้งานของผู้ใช้ (user role)
可视化/可见性,kě shì huà / kě jiàn xìng,Visibility,การมองเห็นสถานะระบบ (visibility)
警告（Warning）,jǐng gào,Warning Alarm,alarm ระดับเตือน (warning)
工作台,gōng zuò tái,Workbench / Dashboard,หน้าจอ dashboard/workbench
可用性性能要求,kě yòng xìng xìng néng yāo qiú,Availability Performance Requirement,ข้อกำหนดด้านความพร้อมใช้งานของระบบ
回退方案,huí tuì fāng àn,Back-out Scenario,แผนถอยกลับกรณีเกิดปัญหา (back-out plan)
最佳实践,zuì jiā shí jiàn,Best-in-Class Practices,แนวปฏิบัติที่ดีที่สุดในอุตสาหกรรม
状态切换操作,zhuàng tài qiē huàn cāo zuò,Change-of-state Operation,การเปลี่ยนสถานะการทำงานของระบบ
调试/验收,tiáo shì / yàn shōu,Commissioning,การทดสอบและตรวจรับระบบ (commissioning)
咨询与设计服务,zī xún yǔ shè jì fú wù,Consulting and Design Services,บริการให้คำปรึกษาและออกแบบ
耗材,hào cái,Consumable Item,วัสดุสิ้นเปลือง (consumable)
割接操作程序,gē jiē cāo zuò chéng xù,Cutover Procedure,ขั้นตอนการตัดโอนระบบ (cutover procedure)
退役/拆除,tuì yì / chāi chú,Decommissioning,การปลดระวางอุปกรณ์หรือระบบ
退役服务,tuì yì fú wù,Decommissioning Services,บริการปลดระวางอุปกรณ์
专属服务合同,zhuān shǔ fú wù hé tóng,Dedicated Service Contract,สัญญาบริการเฉพาะทาง
设计工程师,shè jì gōng chéng shī,Design Engineer,วิศวกรออกแบบ
拆卸过程,chāi xiè guò chéng,Disassembly Process,ขั้นตอนการถอดประกอบ
派工流程,pài gōng liú chéng,Dispatch Process,กระบวนการจ่ายงานให้ช่างเข้าไปแก้ปัญหา
现场服务工程师,xiàn chǎng fú wù gōng chéng shī,Field Service Engineer,วิศวกรบริการภาคสนาม
有限寿命部件,yǒu xiàn shòu mìng bù jiàn,Finite-Life Item,ชิ้นส่วนที่มีอายุการใช้งานจำกัด
热传感器,rè chuán gǎn qì,Heat Sensor,เซ็นเซอร์วัดความร้อน
安装服务,ān zhuāng fú wù,Installation Services,บริการติดตั้ง
安装标准,ān zhuāng biāo zhǔn,Installation Standard,มาตรฐานการติดตั้ง
生命周期,shēng mìng zhōu qī,Life Cycle,วงจรชีวิตของระบบ (life cycle)
可维护性,kě wéi hù xìng,Maintenance / Serviceability,ความสามารถในการบำรุงรักษาและซ่อมบำรุง
维护与维修服务,wéi hù yǔ wéi xiū fú wù,Maintenance and Repair Services,บริการบำรุงรักษาและซ่อมแซม
平均恢复时间,píng jūn huī fù shí jiān,Mean-Time-To-Recover (MTTR),เวลาเฉลี่ยในการกู้คืนระบบ (MTTR)
施工方法说明书,shī gōng fāng fǎ shuō míng shū,Method Statement,เอกสารขั้นตอนวิธีการทำงาน (method statement)
监控服务,jiān kòng fú wù,Monitoring Services,บริการมอนิเตอร์ระบบ
需求评估阶段,xū qiú píng gū jiē duàn,Needs-assessment Stage,ขั้นตอนประเมินความต้องการ
运营与服务成本,yùn yíng yǔ fú wù chéng běn,Operating and Service Costs,ต้นทุนการดำเนินงานและบริการ
可预测性维护,kě yù cè xìng wéi hù,Predictable Maintenance,การบำรุงรักษาที่คาดการณ์ได้
预测性维护,yù cè xìng wéi hù,Predictive Maintenance,การบำรุงรักษาเชิงพยากรณ์
预防性维护,yù fáng xìng wéi hù,Preventive Maintenance,การบำรุงรักษาเชิงป้องกัน
项目经理,xiàng mù jīng lǐ,Project Manager,ผู้จัดการโครงการ
再认证项目,zài rèn zhèng xiàng mù,Re-certification Program,โปรแกรมต่ออายุใบรับรอง
更换周期,gēng huàn zhōu qī,Replacement Interval,รอบการเปลี่ยนอุปกรณ์
吊装/搬运,diào zhuāng / bān yùn,Rigging,งานยกและเคลื่อนย้ายอุปกรณ์หนัก (rigging)
序列号,xù liè hào,Serial Number,หมายเลขซีเรียล
服务合同,fú wù hé tóng,Service Contract,สัญญาบริการ
服务,fú wù,Services,บริการ (services)
单一服务来源,dān yī fú wù lái yuán,Single Source of Services,แหล่งบริการเดียวครบวงจร
现场特定程序,xiàn chǎng tè dìng chéng xù,Site-Specific Procedures,ขั้นตอนเฉพาะของแต่ละไซต์งาน
备件,bèi jiàn,Spare Parts,อะไหล่สำรอง (spare parts)
标准化命名,biāo zhǔn huà mìng míng,Standardized Nomenclature,การตั้งชื่อแบบมาตรฐาน
启动测试报告,qǐ dòng cè shì bào gào,Start-up Test Report,รายงานผลการทดสอบเริ่มเดินระบบ
系统割接/切换,xì tǒng gē jiē / qiē huàn,System Cutover,การตัดโอนระบบไปใช้งานจริง (cutover)
系统联调,xì tǒng lián tiáo,System Integration Testing / Commissioning,การทดสอบเชื่อมระบบร่วมกันก่อนใช้งานจริง (commissioning)
技术支持,jì shù zhī chí,Technical Support,ฝ่ายซัพพอร์ตทางเทคนิค
故障工单,gù zhàng gōng dān,Trouble Ticket,ใบแจ้งปัญหา (trouble ticket)
供应商接口,gōng yìng shāng jiē kǒu,Vendor Interface,ช่องทางติดต่อผู้จำหน่าย
供应商合作伙伴,gōng yìng shāng hé zuò huǒ bàn,Vendor Partners,พันธมิตรผู้จำหน่าย (vendor partner)
振动检测设备,zhèn dòng jiǎn cè shè bèi,Vibration Equipment,อุปกรณ์ตรวจจับการสั่นสะเทือน
见证测试,jiàn zhèng cè shì,Witness Test,การทดสอบต่อหน้าพยาน (witness test)
BREEAM认证,BREEAM rèn zhèng,BREEAM Certification,การรับรอง BREEAM
英国建筑研究院环境评估法,yīng guó jiàn zhù yán jiū yuàn huán jìng píng gū fǎ,Building Research Establishment Environmental Assessment Method (BREEAM),มาตรฐานประเมินสิ่งแวดล้อมอาคาร BREEAM
碳足迹,tàn zú jì,Carbon Footprint,คาร์บอนฟุตพริ้นท์ (carbon footprint)
循环经济,xún huán jīng jì,Circular Economy,เศรษฐกิจหมุนเวียน
企业可持续发展报告指令,qǐ yè kě chí xù fā zhǎn bào gào zhǐ lìng,Corporate Sustainability Reporting Directive (CSRD),ข้อกำหนดการรายงานความยั่งยืนขององค์กร (EU)
退役服务器,tuì yì fú wù qì,Decommissioned Servers,เซิร์ฟเวอร์ที่ปลดระวางแล้ว
经济效益、社会效益和环境效益,"jīng jì xiào yì, shè huì xiào yì hé huán jìng xiào yì","Economic, Social and Environmental Benefits",ผลประโยชน์ทางเศรษฐกิจ สังคม และสิ่งแวดล้อม
内含碳足迹,nèi hán tàn zú jì,Embedded Carbon Footprint,คาร์บอนฟุตพริ้นท์แฝงในผลิตภัณฑ์
节约能源和资源,jié yuē néng yuán hé zī yuán,Energy and Resource Conservation,การประหยัดพลังงานและทรัพยากร
能源属性证书,néng yuán shǔ xìng zhèng shū,Energy Attribute Certificate (EAC),ใบรับรองคุณลักษณะพลังงาน (EAC)
能耗控制,néng hào kòng zhì,Energy Consumption Control,การควบคุมการใช้พลังงาน
能耗管理,néng hào guǎn lǐ,Energy Consumption Management,การบริหารจัดการการใช้พลังงาน
能效管理,néng xiào guǎn lǐ,Energy Efficiency Management,การบริหารจัดการประสิทธิภาพพลังงาน
节能,jié néng,Energy Savings,การประหยัดพลังงาน
环境产品声明,huán jìng chǎn pǐn shēng míng,Environmental Product Disclosure (EPD),เอกสารรับรองผลิตภัณฑ์ด้านสิ่งแวดล้อม (EPD)
环境可持续性,huán jìng kě chí xù xìng,Environmental Sustainability,ความยั่งยืนด้านสิ่งแวดล้อม
环境、社会及管治,"huán jìng, shè huì jí guǎn zhì","Environmental, Social and Governance (ESG)",ด้านสิ่งแวดล้อม สังคม และธรรมาภิบาล (ESG)
ESG投资,ESG tóu zī,ESG Investment,การลงทุนแบบ ESG
政府法规,zhèng fǔ fǎ guī,Government Regulations,กฎระเบียบของรัฐบาล
绿色债券,lǜ sè zhài quàn,Green Bonds,พันธบัตรสีเขียว (green bonds)
温室气体,wēn shì qì tǐ,Greenhouse Gas (GHG),ก๊าซเรือนกระจก (GHG)
温室气体排放,wēn shì qì tǐ pái fàng,Greenhouse Gas Emissions,การปล่อยก๊าซเรือนกระจก
高效率,gāo xiào lǜ,High Efficiency,ประสิทธิภาพสูง
财务与ESG综合报告,cái wù yǔ ESG zōng hé bào gào,Integrated Financial and ESG Reports,รายงานการเงินและ ESG แบบบูรณาการ
土地与生物多样性,tǔ dì yǔ shēng wù duō yàng xìng,Land and Biodiversity,ที่ดินและความหลากหลายทางชีวภาพ
垃圾填埋场,lā jī tián mái chǎng,Landfill,หลุมฝังกลบขยะ
PUE,PUE,PUE (Power Usage Effectiveness),ค่า PUE (ประสิทธิภาพการใช้พลังงาน)
PUE变化,PUE biàn huà,PUE Change / Trend,แนวโน้มการเปลี่ยนแปลงค่า PUE
PUE调优,PUE tiáo yōu,PUE Optimization,การปรับปรุงค่า PUE ให้ดีขึ้น
实时碳足迹数据,shí shí tàn zú jì shù jù,Real-Time Carbon Footprint Data,ข้อมูลคาร์บอนฟุตพริ้นท์แบบเรียลไทม์
可再生能源,kě zài shēng néng yuán,Renewable Energy,พลังงานหมุนเวียน
目标声明,mù biāo shēng míng,Statement of Purpose,แถลงการณ์เจตนารมณ์
可持续性,kě chí xù xìng,Sustainability,ความยั่งยืน
可持续性认证,kě chí xù xìng rèn zhèng,Sustainability Certification,การรับรองด้านความยั่งยืน
可持续发展战略,kě chí xù fā zhǎn zhàn lüè,Sustainable Development Strategy,กลยุทธ์การพัฒนาอย่างยั่งยืน
可持续数字基础设施联盟,kě chí xù shù zì jī chǔ shè shī lián méng,Sustainable Digital Infrastructure Alliance (SDIA),องค์กรพันธมิตรโครงสร้างพื้นฐานดิจิทัลที่ยั่งยืน (SDIA)
废物,fèi wù,Waste,ของเสีย (waste)
护栏0.5米范围内禁止堆放,hù lán líng diǎn wǔ mǐ fàn wéi nèi jìn zhǐ duī fàng,"""No Stacking Within 0.5m of Guardrail"" Sign","ป้าย ""ห้ามวางของภายในระยะ 0.5 เมตรจากราวกัน"""
事故起因,shì gù qǐ yīn,Accident Cause,สาเหตุของอุบัติเหตุ
事故概率及人员资质,shì gù gài lǜ jí rén yuán zī zhì,Accident Probability and Personnel Qualification,ความน่าจะเป็นของการเกิดอุบัติเหตุและคุณสมบัติบุคลากร
事故法则,shì gù fǎ zé,Accident Triangle / Accident Law,กฎสามเหลี่ยมอุบัติเหตุ (accident triangle)
乙炔,yǐ quē,Acetylene,แก๊สอะเซทิลีน (acetylene)
乙炔气瓶,yǐ quē qì píng,Acetylene Cylinder,ถังแก๊สอะเซทิลีน
乙炔气管,yǐ quē qì guǎn,Acetylene Hose,สายยางแก๊สอะเซทิลีน
充足的准备工作减少致命性错误,chōng zú de zhǔn bèi gōng zuò jiǎn shǎo zhì mìng xìng cuò wù,Adequate Preparation Reduces Fatal Errors,การเตรียมความพร้อมที่เพียงพอช่วยลดข้อผิดพลาดร้ายแรง
弧焊,hú hàn,Arc Welding,การเชื่อมอาร์ก (arc welding)
电焊机,diàn hàn jī,Arc Welding Machine,เครื่องเชื่อมไฟฟ้า
电焊安全,diàn hàn ān quán,Arc Welding Safety,ความปลอดภัยในการเชื่อมไฟฟ้า
电弧气刨清根,diàn hú qì bào qīng gēn,Arc-Air Gouging (root cleaning),การเซาะร่องด้วยอาร์กลม (arc-air gouging)
窒息,zhì xī,Asphyxiation,ภาวะขาดอากาศหายใจ
背部肌肉拉伤,bèi bù jī ròu lā shāng,Back Muscle Strain,กล้ามเนื้อหลังอักเสบจากการยกของ
电池安全,diàn chí ān quán,Battery Safety,ความปลอดภัยเกี่ยวกับแบตเตอรี่
挫伤,cuò shāng,Bruise / Contusion,รอยฟกช้ำ
建筑规范,jiàn zhù guī fàn,Building Code,มาตรฐานอาคาร (building code)
建筑外墙清洗,jiàn zhù wài qiáng qīng xǐ,Building Facade Cleaning,งานทำความสะอาดผนังภายนอกอาคาร
灼伤,zhuó shāng,Burn Injury,แผลไหม้จากความร้อน/ไฟฟ้า
伤亡,shāng wáng,Casualty,ผู้บาดเจ็บและเสียชีวิต
持证上岗,chí zhèng shàng gǎng,Certified / Licensed to Work,ต้องมีใบรับรองก่อนเริ่มงาน
化学飞溅,huà xué fēi jiàn,Chemical Splash,สารเคมีกระเด็นใส่ตัว
规范要求,guī fàn yāo qiú,Code Compliance Requirements,ข้อกำหนดตามมาตรฐาน
色盲,sè máng,Color Blindness,ตาบอดสี
组合接地,zǔ hé jiē dì,Combined Grounding,การต่อกราวด์แบบผสม
自满,zì mǎn,Complacency,ความประมาท (complacency)
工程施工过程,gōng chéng shī gōng guò chéng,Construction Process,กระบวนการก่อสร้าง
施工安全,shī gōng ān quán,Construction Safety,ความปลอดภัยในการก่อสร้าง
易污作业,yì wū zuò yè,Contamination-Prone Work,งานที่เสี่ยงต่อการปนเปื้อน
企业安全、环境与健康业绩,"qǐ yè ān quán, huán jìng yǔ jiàn kāng yè jì","Corporate Safety, Environmental and Health Performance",ผลการดำเนินงานด้านความปลอดภัย สิ่งแวดล้อม และสุขภาพขององค์กร
腐蚀性作业,fǔ shí xìng zuò yè,Corrosive Work,งานที่มีความเสี่ยงต่อการกัดกร่อน
重大操作,zhòng dà cāo zuò,Critical Operation,การปฏิบัติงานที่มีความสำคัญ (critical operation)
砸伤,zá shāng,Crush / Impact Injury,บาดเจ็บจากการถูกกระแทกหรือทับ
通电时间,tōng diàn shí jiān,Current Exposure Duration,ระยะเวลาที่สัมผัสกระแสไฟฟ้า
电流强度,diàn liú qiáng dù,Current Intensity,ความเข้มของกระแสไฟฟ้า
瓶帽,píng mào,Cylinder Cap,ฝาครอบถังแก๊ส
全日重量,quán rì zhòng liàng,Daily Cumulative Weight,น้ำหนักรวมที่ยกทั้งวัน
劳动厅,láo dòng tīng,Department of Labor,กรมแรงงาน
钻孔,zuān kǒng,Drilling,การเจาะรู
电流对人体的作用,diàn liú duì rén tǐ de zuò yòng,Effects of Electric Current on the Body,ผลของกระแสไฟฟ้าต่อร่างกาย
EHS作用,EHS zuò yòng,EHS Function/Purpose,หน้าที่ของ EHS
EHS简介,EHS jiǎn jiè,EHS Introduction,แนะนำ EHS
EHS管理体系,EHS guǎn lǐ tǐ xì,EHS Management System,ระบบบริหารจัดการ EHS
触电,chù diàn,Electric Shock,ไฟฟ้าดูด (electric shock)
电焊,diàn hàn,Electric Welding / Arc Welding,การเชื่อมไฟฟ้า (electric welding)
电焊气割,diàn hàn qì gē,Electric Welding and Gas Cutting,การเชื่อมไฟฟ้าและตัดด้วยแก๊ส
电弧,diàn hú,Electrical Arc,อาร์กไฟฟ้า (electrical arc)
电气规范,diàn qì guī fàn,Electrical Code,มาตรฐานทางไฟฟ้า (electrical code)
电气安全,diàn qì ān quán,Electrical Safety,ความปลอดภัยด้านไฟฟ้า
触电/灼伤风险,chù diàn / zhuó shāng fēng xiǎn,Electrical Shock/Burn Hazard,อันตรายไฟฟ้าดูด/ไฟไหม้
电工证,diàn gōng zhèng,Electrician Certificate,ใบรับรองช่างไฟฟ้า
电工操作证,diàn gōng cāo zuò zhèng,Electrician Operation Permit,ใบอนุญาตปฏิบัติงานช่างไฟฟ้า
电工从业资格证,diàn gōng cóng yè zī gé zhèng,Electrician Professional Qualification Certificate,ใบรับรองคุณวุฒิวิชาชีพช่างไฟฟ้า
电解液漏液,diàn jiě yè lòu yè,Electrolyte Leakage,สารอิเล็กโทรไลต์รั่วซึม
电解液外溢,diàn jiě yè wài yì,Electrolyte Spill,สารอิเล็กโทรไลต์รั่วไหลออกมา
电磁辐射,diàn cí fú shè,Electromagnetic Radiation,รังสีแม่เหล็กไฟฟ้า
应急处理流程,yìng jí chù lǐ liú chéng,Emergency Procedure,ขั้นตอนการรับมือเหตุฉุกเฉิน
应急响应,yìng jí xiǎng yìng,Emergency Response,การตอบสนองเหตุฉุกเฉิน
员工的健康与安全,yuán gōng de jiàn kāng yǔ ān quán,Employee Health and Safety,สุขภาพและความปลอดภัยของพนักงาน
环境,huán jìng,Environment,สิ่งแวดล้อม
EHS（环境、健康与安全）,huán jìng jiàn kāng yǔ ān quán,"Environment, Health and Safety (EHS)",งานด้านสิ่งแวดล้อม สุขภาพ และความปลอดภัย (EHS)
环境污染,huán jìng wū rǎn,Environmental Pollution,มลพิษต่อสิ่งแวดล้อม
环境安全,huán jìng ān quán,Environmental Safety,ความปลอดภัยด้านสิ่งแวดล้อม
设备安全,shè bèi ān quán,Equipment Safety,ความปลอดภัยของอุปกรณ์
疏散,shū sàn,Evacuation,การอพยพ
眼病,yǎn bìng,Eye Disease / Injury (welder's flash),โรคตาจากแสงเชื่อม (welder's flash)
眼睛走神,yǎn jing zǒu shén,Eyes Not on Task,สายตาไม่จดจ่อกับงาน
坠落,zhuì luò,Fall (from height),การตกจากที่สูง
坠落高度基准面,zhuì luò gāo dù jī zhǔn miàn,Fall Height Reference Plane,ระนาบอ้างอิงความสูงจากการตก
物体坠落、撞击,"wù tǐ zhuì luò, zhuàng jī","Falling Objects, Impact",วัตถุตกหล่นและการกระแทก
死亡,sǐ wáng,Fatality / Death,เสียชีวิต
疲劳,pí láo,Fatigue,ความเหนื่อยล้า
碎屑飞溅,suì xiè fēi jiàn,Flying Debris / Splashing Fragments,เศษวัสดุกระเด็น
骨折,gǔ zhé,Fracture,กระดูกหัก
冻伤,dòng shāng,Frostbite,แผลจากความเย็นจัด (frostbite)
受挫,shòu cuò,Frustration,ความคับข้องใจ (frustration)
气瓶,qì píng,Gas Cylinder,ถังแก๊ส (gas cylinder)
气焊,qì hàn,Gas Welding,การเชื่อมแก๊ส (gas welding)
气焊和气割场所,qì hàn hé qì gē chǎng suǒ,Gas Welding and Cutting Site,พื้นที่งานเชื่อมและตัดแก๊ส
气焊安全,qì hàn ān quán,Gas Welding Safety,ความปลอดภัยในการเชื่อมแก๊ส
通用安全,tōng yòng ān quán,General Safety,ความปลอดภัยทั่วไป
地线,dì xiàn,Ground Wire,สายกราวด์ (ground wire)
接地,jiē dì,Grounded,ต่อสายดินแล้ว (grounded)
接地、接零保护,"jiē dì, jiē líng bǎo hù",Grounding / Neutral (PE) Protection,การป้องกันแบบต่อกราวด์และต่อสายศูนย์
接地导体,jiē dì dǎo tǐ,Grounding Conductor,ตัวนำสายกราวด์ (grounding conductor)
接地要求,jiē dì yāo qiú,Grounding Requirements,ข้อกำหนดเรื่องการต่อกราวด์ (grounding)
接地电阻,jiē dì diàn zǔ,Grounding Resistance,ความต้านทานสายกราวด์
装设接地线注意事项,zhuāng shè jiē dì xiàn zhù yì shì xiàng,Grounding Wire Installation Precautions,ข้อควรระวังในการติดตั้งสายกราวด์
接零接地保护,jiē líng jiē dì bǎo hù,Grounding/Earthing Protection,การป้องกันด้วยการต่อกราวด์
搬运事故,bān yùn shì gù,Handling Accident,อุบัติเหตุจากการยกของ
搬运方式,bān yùn fāng shì,Handling Method,วิธีการยกและเคลื่อนย้ายของ
悬挂标识牌,xuán guà biāo shí pái,Hanging Warning / Lockout Tag,การแขวนป้ายเตือน/ป้ายล็อก
有害物质和能量,yǒu hài wù zhì hé néng liàng,Harmful Substances and Energy,สารและพลังงานที่เป็นอันตราย
危化品腐蚀,wēi huà pǐn fǔ shí,Hazardous Chemical Corrosion,การกัดกร่อนจากสารเคมีอันตราย
危险材料处置,wēi xiǎn cái liào chǔ zhì,Hazardous Material Disposal,การกำจัดวัสดุอันตราย
危险工艺,wēi xiǎn gōng yì,Hazardous Process,กระบวนการที่มีความเสี่ยงอันตราย
健康,jiàn kāng,Health,สุขภาพ
健康危害,jiàn kāng wēi hài,Health Hazard,อันตรายต่อสุขภาพ
心脏病,xīn zàng bìng,Heart Disease,โรคหัวใจ
中暑,zhòng shǔ,Heatstroke,ลมแดด (heatstroke)
海因里希法则,hǎi yīn lǐ xī fǎ zé,Heinrich's Law,กฎของไฮน์ริช (Heinrich's Law)
高温灼烫作业,gāo wēn zhuó tàng zuò yè,High-Temperature Scalding/Burn Hazard Work,งานที่มีความเสี่ยงต่อการถูกลวกหรือไหม้จากความร้อนสูง
带电作业,dài diàn zuò yè,Hot Work,งานที่ทำขณะมีไฟฟ้า (hot work)
华为认证或授权的人员,huá wéi rèn zhèng huò shòu quán de rén yuán,Huawei Certified or Authorized Personnel,บุคลากรที่ได้รับการรับรองหรืออนุญาตจาก Huawei
人体电阻,rén tǐ diàn zǔ,Human Body Resistance,ความต้านทานไฟฟ้าของร่างกายมนุษย์
人为失误,rén wéi shī wù,Human Error,ความผิดพลาดจากมนุษย์
装设遮拦,zhuāng shè zhē lán,Installing Barriers / Guardrails,การติดตั้งแผงกั้น/ราวกันตก
装设接地线,zhuāng shè jiē dì xiàn,Installing Grounding Cable,การติดตั้งสายกราวด์ชั่วคราว
绝缘状况,jué yuán zhuàng kuàng,Insulation Condition,สภาพฉนวนไฟฟ้า
绝缘电阻,jué yuán diàn zǔ,Insulation Resistance,ความต้านทานฉนวนไฟฟ้า
联锁装置,lián suǒ zhuāng zhì,Interlock Device,อุปกรณ์ล็อกอินเตอร์ล็อก (interlock)
划伤,huá shāng,Laceration / Cut Injury,แผลบาด
激光,jī guāng,Laser,เลเซอร์
法律、法规,"fǎ lǜ, fǎ guī",Laws and Regulations,กฎหมายและระเบียบข้อบังคับ
平面布置,píng miàn bù zhì,Layout Planning,การวางผังพื้นที่
摆脱电流,bǎi tuō diàn liú,Let-Go Current,กระแสไฟฟ้าระดับที่ยังหลุดมือได้
致命电流,zhì mìng diàn liú,Lethal Current,กระแสไฟฟ้าที่ทำให้เสียชีวิต
生命安全,shēng mìng ān quán,Life Safety,ความปลอดภัยต่อชีวิต (life safety)
防雷/接地,fáng léi / jiē dì,Lightning Protection / Grounding,ระบบป้องกันฟ้าผ่าและสายดิน
防雷验电穿刺接地环,fáng léi yàn diàn chuān cì jiē dì huán,Lightning-Protection Piercing Grounding Ring Tester,อุปกรณ์ตรวจวัดและต่อกราวด์ป้องกันฟ้าผ่าแบบเจาะสาย
危险区域,wēi xiǎn qū yù,Line of Fire / Danger Zone,พื้นที่อันตราย (danger zone)
液化石油气,yè huà shí yóu qì,Liquefied Petroleum Gas (LPG),แก๊สปิโตรเลียมเหลว (LPG)
液体泄漏,yè tǐ xiè lòu,Liquid Spill,การรั่วไหลของของเหลว
带电配电盘,dài diàn pèi diàn pán,Live Panel Board,แผงจ่ายไฟที่มีกระแสไฟฟ้าอยู่
负载存储位置,fù zài cún chǔ wèi zhì,Load Storage Location,ตำแหน่งจัดเก็บสิ่งของที่ยก
负载容积,fù zài róng jī,Load Volume,ปริมาตรของที่บรรทุก
负重载荷,fù zhòng zài hè,Load Weight,น้ำหนักบรรทุก
当地法规和规范,dāng dì fǎ guī hé guī fàn,Local Laws and Standards,กฎหมายและมาตรฐานท้องถิ่น
物流,wù liú,Logistics,โลจิสติกส์ (logistics)
接线松动,jiē xiàn sōng dòng,Loose Connection,จุดต่อสายหลวม
失去平衡/被拖住/被夹住,shī qù píng héng / bèi tuō zhù / bèi jiā zhù,"Loss of Balance / Traction / Grip, Caught In or Between",เสียการทรงตัว / ถูกดึงหรือติดหนีบ
机械安全,jī xiè ān quán,Machine Safety,ความปลอดภัยเกี่ยวกับเครื่องจักร
搬运/负重安全,bān yùn / fù zhòng ān quán,Manual Handling / Load-Bearing Safety,ความปลอดภัยในการยกและแบกของหนัก
体力搬运重量限值,tǐ lì bān yùn zhòng liàng xiàn zhí,Manual Handling Weight Limit,น้ำหนักสูงสุดที่อนุญาตให้ยกด้วยแรงคน
人力搬运安全,rén lì bān yùn ān quán,Manual Material Handling Safety,ความปลอดภัยในการยกของด้วยแรงคน
辅助搬运设备,fǔ zhù bān yùn shè bèi,Material Handling Aid Equipment,อุปกรณ์ช่วยยกและเคลื่อนย้าย
机械事故,jī xiè shì gù,Mechanical Accident,อุบัติเหตุจากเครื่องจักร
精神病,jīng shén bìng,Mental Illness,โรคทางจิตเวช
金属屑,jīn shǔ xiè,Metal Shavings / Debris,เศษโลหะ
金属火花和飞屑,jīn shǔ huǒ huā hé fēi xiè,Metal Sparks and Spatter,ประกายไฟและเศษโลหะกระเด็น
心不在焉,xīn bù zài yān,Mind Not on Task,ใจไม่จดจ่อกับงาน
轻伤,qīng shāng,Minor Injury,บาดเจ็บเล็กน้อย
禁烟政策,jìn yān zhèng cè,No Smoking Policy,นโยบายห้ามสูบบุหรี่
无伤害事故,wú shāng hài shì gù,No-Injury Incident,อุบัติเหตุที่ไม่มีผู้บาดเจ็บ
职业病,zhí yè bìng,Occupational Disease,โรคจากการประกอบอาชีพ
职业病隐患,zhí yè bìng yǐn huàn,Occupational Disease Hazard,ปัจจัยเสี่ยงต่อโรคจากการทำงาน
职业健康安全管理体系,zhí yè jiàn kāng ān quán guǎn lǐ tǐ xì,Occupational Health and Safety Management System,ระบบบริหารจัดการอาชีวอนามัยและความปลอดภัย
运行、维护、安装、检修、改造、施工、调试,"yùn xíng, wéi hù, ān zhuāng, jiǎn xiū, gǎi zào, shī gōng, tiáo shì","Operation, Maintenance, Installation, Repair, Modification, Construction, Commissioning",การเดินระบบ บำรุงรักษา ติดตั้ง ซ่อมแซม ปรับปรุง ก่อสร้าง และทดสอบระบบ
操作工安全,cāo zuò gōng ān quán,Operator Safety,ความปลอดภัยของผู้ปฏิบัติงาน
露天焊接作业,lù tiān hàn jiē zuò yè,Outdoor Welding Operation,งานเชื่อมกลางแจ้ง
氧气瓶,yǎng qì píng,Oxygen Cylinder,ถังออกซิเจน
氧气胶管,yǎng qì jiāo guǎn,Oxygen Hose,สายยางออกซิเจน
包装物,bāo zhuāng wù,Packaging / Package,บรรจุภัณฑ์
感知电流,gǎn zhī diàn liú,Perception Current,กระแสไฟฟ้าที่เริ่มรู้สึกได้
人身安全,rén shēn ān quán,Personal Safety,ความปลอดภัยส่วนบุคคล
人员资质,rén yuán zī zhì,Personnel Qualification,คุณสมบัติของบุคลากร
人员安全,rén yuán ān quán,Personnel Safety,ความปลอดภัยของบุคลากร
生理缺陷,shēng lǐ quē xiàn,Physical Impairment,ความบกพร่องทางร่างกาย
中毒,zhòng dú,Poisoning / Toxic Exposure,การได้รับพิษ
手提照明灯,shǒu tí zhào míng dēng,Portable / Hand-Held Lamp,โคมไฟส่องสว่างแบบมือถือ
停电,tíng diàn,Power Shutdown / De-Energizing,การตัดไฟ (de-energize)
中华人民共和国国家标准 GB 12330-90,zhōng huá rén mín gòng hé guó guó jiā biāo zhǔn GB yī èr sān sān líng jiǔ líng,PRC National Standard GB 12330-90,มาตรฐานแห่งชาติจีน GB 12330-90
工作前检查工器具,gōng zuò qián jiǎn chá gōng qì jù,Pre-work Tool Inspection,ตรวจสอบเครื่องมือก่อนเริ่มงาน
预防管理机制,yù fáng guǎn lǐ jī zhì,Preventive Management Mechanism,กลไกการบริหารจัดการเชิงป้องกัน
保护接地,bǎo hù jiē dì,Protective Earthing (Grounding),การต่อกราวด์เพื่อป้องกัน
防护手段,fáng hù shǒu duàn,Protective Measures,มาตรการป้องกัน
保护接零,bǎo hù jiē líng,Protective Neutral Bonding (PEN),การต่อสายศูนย์เพื่อป้องกัน (PEN)
防护工作,fáng hù gōng zuò,Protective Work,งานด้านการป้องกัน
资质和培训,zī zhì hé péi xùn,Qualification and Training,คุณสมบัติและการฝึกอบรม
风险,fēng xiǎn,Risk,ความเสี่ยง
风险评估,fēng xiǎn píng gū,Risk Assessment,การประเมินความเสี่ยง
危险系数,wēi xiǎn xì shù,Risk Factor,ปัจจัยความเสี่ยง
识别风险,shí bié fēng xiǎn,Risk Identification,การระบุความเสี่ยง
风险减少措施,fēng xiǎn jiǎn shǎo cuò shī,Risk Reduction Measures,มาตรการลดความเสี่ยง
违章行为,wéi zhāng xíng wéi,Rule Violation / Non-Compliant Behavior,พฤติกรรมฝ่าฝืนกฎระเบียบ
匆忙,cōng máng,Rushing / Hurry,การรีบเร่ง
安全电流,ān quán diàn liú,Safe Current,กระแสไฟฟ้าระดับปลอดภัย
安全用电知识,ān quán yòng diàn zhī shí,Safe Electricity Use Knowledge,ความรู้เรื่องการใช้ไฟฟ้าอย่างปลอดภัย
安全运行,ān quán yùn xíng,Safe Operation,การดำเนินงานอย่างปลอดภัย
安全工频电压,ān quán gōng pín diàn yā,Safe Power-Frequency Voltage,แรงดันไฟฟ้าความถี่ใช้งานที่ปลอดภัย
安全,ān quán,Safety,ความปลอดภัย
安全事故,ān quán shì gù,Safety Accident,อุบัติเหตุด้านความปลอดภัย
安全距离,ān quán jù lí,Safety Clearance Distance,ระยะห่างปลอดภัย
安全情况,ān quán qíng kuàng,Safety Condition,สภาวะความปลอดภัย
安全注意事项,ān quán zhù yì shì xiàng,Safety Precautions,ข้อควรระวังด้านความปลอดภัย
安全培训,ān quán péi xùn,Safety Training,การฝึกอบรมด้านความปลอดภัย
安全电压法,ān quán diàn yā fǎ,Safety Voltage Method,วิธีการใช้แรงดันไฟฟ้าปลอดภัย
烫伤,tàng shāng,Scald Injury,แผลลวก
二次事故,èr cì shì gù,Secondary Accident,อุบัติเหตุซ้ำซ้อน
抗震能力,kàng zhèn néng lì,Seismic Capability,ความสามารถในการต้านแผ่นดินไหว
重伤事故,zhòng shāng shì gù,Serious Injury Accident,อุบัติเหตุบาดเจ็บสาหัส
有效使用期,yǒu xiào shǐ yòng qī,Service Validity Period,อายุการใช้งานที่ยังปลอดภัย
短路,duǎn lù,Short Circuit,ไฟฟ้าลัดวงจร (short circuit)
单次重量,dān cì zhòng liàng,Single-Lift Weight,น้ำหนักที่ยกต่อครั้ง
表皮伤害,biǎo pí shāng hài,Skin / Epidermal Injury,การบาดเจ็บที่ผิวหนัง
烟、尘粒,"yān, chén lì","Smoke, Dust Particles",ควันและฝุ่นละออง
铁渣飞溅,tiě zhā fēi jiàn,Spatter / Flying Slag,สะเก็ดไฟกระเด็น
扭伤,niǔ shāng,Sprain,ข้อเคล็ด
人员配置水平,rén yuán pèi zhì shuǐ píng,Staffing Level,ระดับอัตรากำลังคน
国家安监局,guó jiā ān jiān jú,State Administration of Work Safety,สำนักงานบริหารความปลอดภัยในการทำงานแห่งชาติ (จีน)
突发性昏厥,tū fā xìng hūn jué,Sudden Fainting / Syncope,การเป็นลมหมดสติเฉียบพลัน
雷雨天气,léi yǔ tiān qì,Thunderstorm Weather,สภาพอากาศฝนฟ้าคะนอง
吨米,dūn mǐ,Tonne-Metre (unit),หน่วยตัน-เมตร
接触电压限值,jiē chù diàn yā xiàn zhí,Touch Voltage Limit,ค่าจำกัดแรงดันไฟฟ้าที่สัมผัสได้
铁塔工程安装,tiě tǎ gōng chéng ān zhuāng,Tower Installation Work,งานติดตั้งเสาโครงเหล็ก (tower)
过渡段,guò dù duàn,Transition Point (for load grip change),จุดเปลี่ยนท่าจับสิ่งของ
垃圾桶,lā jī tǒng,Trash Receptacle,ถังขยะ
统一建筑规范,tǒng yī jiàn zhù guī fàn,UBC (Universal Building Code),มาตรฐานอาคาร UBC
不安全行为,bù ān quán xíng wéi,Unsafe Act,พฤติกรรมที่ไม่ปลอดภัย
心室颤动,xīn shì chàn dòng,Ventricular Fibrillation,หัวใจห้องล่างเต้นสั่นพลิ้ว
验电器,yàn diàn qì,Voltage Detector / Voltage Tester,เครื่องตรวจวัดแรงดันไฟฟ้า
验电,yàn diàn,Voltage Testing (verify de-energized),การตรวจสอบไฟฟ้าก่อนทำงาน
标识牌和遮拦,biāo shí pái hé zhē lán,Warning Tags & Barriers,ป้ายเตือนและแผงกั้น
焊工证,hàn gōng zhèng,Welder Certificate,ใบรับรองช่างเชื่อม
焊工操作证,hàn gōng cāo zuò zhèng,Welder Operation Permit,ใบอนุญาตปฏิบัติงานช่างเชื่อม
把线,bǎ xiàn,Welding Cable (ground/lead line),สายเคเบิลเชื่อม
焊条,hàn tiáo,Welding Electrode / Rod,ลวดเชื่อม (welding electrode)
焊钳,hàn qián,Welding Electrode Holder / Clamp,คีมจับลวดเชื่อม
施焊,shī hàn,Welding Operation,การปฏิบัติงานเชื่อม
焊接或热切割,hàn jiē huò rè qiē gē,Welding or Thermal Cutting,งานเชื่อมหรือตัดด้วยความร้อน
焊接安全,hàn jiē ān quán,Welding Safety,ความปลอดภัยในการเชื่อม (welding)
焊渣,hàn zhā,Welding Slag,ตะกรันเชื่อม
挡风装置,dǎng fēng zhuāng zhì,Wind Shield Device,อุปกรณ์กันลม
高处作业,gāo chù zuò yè,Work at Height,งานที่ปฏิบัติในที่สูง
工伤,gōng shāng,Work Injury,การบาดเจ็บจากการทำงาน
接触低温物质作业,jiē chù dī wēn wù zhì zuò yè,Work Involving Contact with Low-Temperature Substances,งานที่ต้องสัมผัสสารอุณหภูมิต่ำ
接触锋利器具作业,jiē chù fēng lì qì jù zuò yè,Work Involving Contact with Sharp Tools,งานที่ต้องสัมผัสเครื่องมือมีคม
沾染性毒物作业,zhān rǎn xìng dú wù zuò yè,Work Involving Toxic Contamination,งานที่มีความเสี่ยงสัมผัสสารพิษ
工作监护制,gōng zuò jiān hù zhì,Work Supervision / Watch System,ระบบผู้ควบคุมงานเฝ้าดู
从业人员精神状态影响事故概率,cóng yè rén yuán jīng shén zhuàng tài yǐng xiǎng shì gù gài lǜ,Worker Mental State Influences Accident Probability,สภาพจิตใจของผู้ปฏิบัติงานส่งผลต่อโอกาสเกิดอุบัติเหตุ
从业人员的精神状态影响事故发生的概率,cóng yè rén yuán de jīng shén zhuàng tài yǐng xiǎng shì gù fā shēng de gài lǜ,Worker's Mental State Affects the Probability of Accidents,สภาพจิตใจของผู้ปฏิบัติงานมีผลต่อโอกาสเกิดอุบัติเหตุ
四级地震区,sì jí dì zhèn qū,Zone-4 Seismic Region,พื้นที่เสี่ยงแผ่นดินไหวโซน 4
防酸(碱)服,fáng suān (jiǎn) fú,Acid/Alkali Protective Suit,ชุดป้องกันกรด/ด่าง
耐酸碱手套,nài suān jiǎn shǒu tào,Acid/Alkali-Resistant Gloves,ถุงมือทนกรดด่าง
耐酸碱鞋,nài suān jiǎn xié,Acid/Alkali-Resistant Shoes,รองเท้าทนกรดด่าง
防腐蚀液护目镜,fáng fǔ shí yè hù mù jìng,Anti-Corrosive Liquid Safety Goggles,แว่นตานิรภัยกันสารกัดกร่อน
防冻手套,fáng dòng shǒu tào,Anti-Frost Gloves,ถุงมือกันเยือกแข็ง
防静电地面,fáng jìng diàn dì miàn,Anti-Static (ESD) Flooring,พื้นกันไฟฟ้าสถิต (ESD flooring)
防静电松紧带,fáng jìng diàn sōng jǐn dài,Anti-Static Elastic Band,สายยางยืดกันไฟฟ้าสถิต
防静电手套,fáng jìng diàn shǒu tào,Anti-Static Gloves,ถุงมือกันไฟฟ้าสถิต (anti-static gloves)
防静电措施,fáng jìng diàn cuò shī,Anti-Static Measures / ESD Protection,มาตรการป้องกันไฟฟ้าสถิต (ESD)
防静电鞋,fáng jìng diàn xié,Anti-Static Shoes,รองเท้าป้องกันไฟฟ้าสถิต
防静电鞋/袜,fáng jìng diàn xié / wà,Anti-Static Shoes / Socks,รองเท้า/ถุงเท้ากันไฟฟ้าสถิต
防静电工帽,fáng jìng diàn gōng mào,Anti-Static Work Cap,หมวกทำงานป้องกันไฟฟ้าสถิต
防静电工作服,fáng jìng diàn gōng zuò fú,Anti-Static Work Clothing,ชุดทำงานกันไฟฟ้าสถิต (anti-static)
防静电腕带,fáng jìng diàn wàn dài,Anti-Static Wrist Strap,สายรัดข้อมือกันไฟฟ้าสถิต (anti-static wrist strap)
化学品防护服,huà xué pǐn fáng hù fú,Chemical Protective Clothing,ชุดป้องกันสารเคมี
防化学手套,fáng huà xué shǒu tào,Chemical-Resistant Gloves,ถุงมือกันสารเคมี
防化学品鞋,fáng huà xué pǐn xié,Chemical-Resistant Shoes,รองเท้ากันสารเคมี
防寒手套,fáng hán shǒu tào,Cold-Protection Gloves,ถุงมือกันหนาว
耐寒手套,nài hán shǒu tào,Cold-Resistant Gloves,ถุงมือทนความเย็น
防寒服,fáng hán fú,Cold-Weather Protective Clothing,ชุดกันหนาว
棉纱手套,mián shā shǒu tào,Cotton Gloves,ถุงมือผ้าฝ้าย
防割手套,fáng gē shǒu tào,Cut-Resistant Gloves,ถุงมือกันบาด
专用绝缘工具,zhuān yòng jué yuán gōng jù,Dedicated Insulated Tools,เครื่องมือฉนวนสำหรับใช้เฉพาะงาน
电绝缘鞋,diàn jué yuán xié,Electrically Insulating Shoes,รองเท้าฉนวนกันไฟฟ้า
眼面部防护,yǎn miàn bù fáng hù,Eye and Face Protection,การป้องกันดวงตาและใบหน้า
眼睛保护装置,yǎn jīng bǎo hù zhuāng zhì,Eye Protection Device,อุปกรณ์ป้องกันดวงตา
人体从高处坠落,rén tǐ cóng gāo chù zhuì luò,Fall from Height,การตกจากที่สูง
防坠落防护用品,fáng zhuì luò fáng hù yòng pǐn,Fall Protection Equipment,อุปกรณ์ป้องกันการตกจากที่สูง
指套,zhǐ tào,Finger Cots,ปลอกนิ้ว (finger cots)
足部防护,zú bù fáng hù,Foot Protection,การป้องกันเท้า
足部防护用品,zú bù fáng hù yòng pǐn,Foot Protective Equipment,อุปกรณ์ป้องกันเท้า
防毒面具,fáng dú miàn jù,Gas Mask / Respirator,หน้ากากป้องกันแก๊สพิษ (gas mask)
手部防护,shǒu bù fáng hù,Hand Protection,การป้องกันมือ
手部防护用品,shǒu bù fáng hù yòng pǐn,Hand Protective Equipment,อุปกรณ์ป้องกันมือ
危险和有害因素,wēi xiǎn hé yǒu hài yīn sù,Hazardous and Harmful Factors,ปัจจัยที่เป็นอันตรายและเป็นภัยต่อสุขภาพ
头部防护,tóu bù fáng hù,Head Protection,การป้องกันศีรษะ
耐热耐寒手套,nài rè nài hán shǒu tào,Heat and Cold-Resistant Gloves,ถุงมือทนความร้อนและความเย็น
耐高温手套,nài gāo wēn shǒu tào,Heat-Resistant Gloves,ถุงมือทนความร้อนสูง
耐高温鞋,nài gāo wēn xié,Heat-Resistant Shoes,รองเท้าทนความร้อนสูง
防冲击护目镜,fáng chōng jī hù mù jìng,Impact-Resistant Safety Goggles,แว่นตานิรภัยกันแรงกระแทก
防砸鞋,fáng zá xié,Impact-Resistant Safety Shoes / Steel-Toe Shoes,รองเท้านิรภัยหัวเหล็ก (steel-toe shoes)
绝缘服,jué yuán fú,Insulating Clothing,ชุดฉนวนกันไฟฟ้า
绝缘手套,jué yuán shǒu tào,Insulating Gloves,ถุงมือฉนวนกันไฟฟ้า (insulating gloves)
绝缘鞋,jué yuán xié,Insulating Shoes,รองเท้าฉนวนกันไฟฟ้า
PPE防护简介,PPE fáng hù jiǎn jiè,Introduction to PPE Protection,แนะนำการป้องกันด้วยอุปกรณ์ PPE
劳动防护用品,láo dòng fáng hù yòng pǐn,Labor Protective Equipment,อุปกรณ์ป้องกันภัยแรงงาน
防激光眼镜,fáng jī guāng yǎn jìng,Laser Safety Glasses,แว่นตานิรภัยกันเลเซอร์
带电作业屏蔽服,dài diàn zuò yè píng bì fú,Live-Work Shielding Suit / Conductive Suit,ชุดป้องกันสนามไฟฟ้าสำหรับงานที่มีไฟ (shielding suit)
防机械伤害手套（防割手套）,fáng jī xiè shāng hài shǒu tào,Mechanical Protection Gloves (Cut-Resistant Gloves),ถุงมือป้องกันการบาดเจ็บจากเครื่องจักร (ถุงมือกันบาด)
个人防护用品,gè rén fáng hù yòng pǐn,Personal Protective Equipment (PPE),อุปกรณ์ป้องกันภัยส่วนบุคคล (PPE)
PPE的定义,PPE de dìng yì,PPE Definition,นิยามของ PPE
PPE作用及定义,PPE zuò yòng jí dìng yì,PPE Function and Definition,หน้าที่และคำจำกัดความของ PPE
PPE的作用,PPE de zuò yòng,PPE Purpose / Function,หน้าที่ของ PPE
不同作业场景下PPE使用,bù tóng zuò yè chǎng jǐng xià PPE shǐ yòng,PPE Usage by Work Scenario,การใช้ PPE ตามสถานการณ์งานที่ต่างกัน
产品合格证,chǎn pǐn hé gé zhèng,Product Certificate of Conformity,ใบรับรองสินค้าได้มาตรฐาน
生产许可证,shēng chǎn xǔ kě zhèng,Production License,ใบอนุญาตผลิต
防护服,fáng hù fú,Protective Clothing,ชุดป้องกัน (protective clothing)
防护用品,fáng hù yòng pǐn,Protective Equipment,อุปกรณ์ป้องกัน
防护面罩,fáng hù miàn zhào,Protective Face Shield,หน้ากากป้องกันใบหน้า (face shield)
护具,hù jù,Protective Gear,อุปกรณ์ป้องกันร่างกาย
保护手套,bǎo hù shǒu tào,Protective Gloves,ถุงมือป้องกัน
保护电阻,bǎo hù diàn zǔ,Protective Resistor,ตัวต้านทานป้องกัน
防刺穿鞋,fáng cì chuān xié,Puncture-Resistant Shoes,รองเท้ากันวัสดุแทงทะลุ
橡胶手套,xiàng jiāo shǒu tào,Rubber Gloves,ถุงมือยาง
橡胶防护手套,xiàng jiāo fáng hù shǒu tào,Rubber Protective Gloves,ถุงมือยางป้องกัน
防护眼镜,fáng hù yǎn jìng,Safety Glasses,แว่นตานิรภัย (safety glasses)
护目镜,hù mù jìng,Safety Goggles,แว่นตานิรภัย (safety goggles)
安全带,ān quán dài,Safety Harness / Safety Belt,เข็มขัดนิรภัย / สายรัดนิรภัย (safety harness)
安全头盔,ān quán tóu kuī,Safety Helmet,หมวกนิรภัย
安全帽,ān quán mào,Safety Helmet / Hard Hat,หมวกนิรภัย (safety helmet)
安全标志证（安全鉴定证）,ān quán biāo zhì zhèng,Safety Mark Certificate (Safety Appraisal Certificate),ใบรับรองเครื่องหมายความปลอดภัย
安全网,ān quán wǎng,Safety Net,ตาข่ายนิรภัย (safety net)
特种防护用品,tè zhǒng fáng hù yòng pǐn,Special Protective Equipment,อุปกรณ์ป้องกันภัยชนิดพิเศษ
作业与应使用PPE对照表,zuò yè yǔ yīng shǐ yòng PPE duì zhào biǎo,Task-to-PPE Requirement Table,ตารางเทียบงานกับ PPE ที่ต้องใช้
三证,sān zhèng,"Three Certificates (Production License, Product Certificate, Safety Mark Certificate)",สามใบรับรอง (ใบอนุญาตผลิต ใบรับรองสินค้า ใบรับรองมาตรฐานความปลอดภัย)
焊接面罩,hàn jiē miàn zhào,Welding Face Shield / Welding Mask,หน้ากากเชื่อม (welding mask)
准确,zhǔn què,Accurate,แม่นยำ
适应性/可扩展性,shì yìng xìng / kě kuò zhǎn xìng,Adaptability / Scalability,ความสามารถในการปรับตัวและขยายระบบ
敏捷数据中心,mǐn jié shù jù zhōng xīn,Agile Data Center,ดาต้าเซ็นเตอร์แบบ agile
应用层,yìng yòng céng,Application Layer,ชั้นแอปพลิเคชัน (application layer)
人工智能,rén gōng zhì néng,Artificial Intelligence (AI),ปัญญาประดิษฐ์ (AI)
自动化,zì dòng huà,Automation,ระบบอัตโนมัติ
可用性,kě yòng xìng,Availability,ความพร้อมใช้งาน (availability)
可用性预期,kě yòng xìng yù qī,Availability Expectations,ความคาดหวังด้านความพร้อมใช้งาน
大数据,dà shù jù,Big Data,ข้อมูลขนาดใหญ่ (big data)
构建模块,gòu jiàn mó kuài,Building Blocks,องค์ประกอบพื้นฐาน (building blocks)
业务敏捷性,yè wù mǐn jié xìng,Business Agility,ความคล่องตัวทางธุรกิจ
商业价值,shāng yè jià zhí,Business Value,คุณค่าทางธุรกิจ
关键业务应用,guān jiàn yè wù yìng yòng,Business-Critical Applications,แอปพลิเคชันที่สำคัญต่อธุรกิจ
资本投资,zī běn tóu zī,Capital Investment,การลงทุนด้านทุน (capital investment)
托管服务,tuō guǎn fú wù,Colocation,บริการโคโลเคชั่น (colocation)
托管租户,tuō guǎn zū hù,Colocation Tenant,ผู้เช่าพื้นที่โคโลเคชั่น
兼容性问题,jiān róng xìng wèn tí,Compatibility Issues,ปัญหาความเข้ากันได้
竞争优势,jìng zhēng yōu shì,Competitive Advantage,ความได้เปรียบทางการแข่งขัน
竞争能力,jìng zhēng néng lì,Competitiveness,ความสามารถในการแข่งขัน
全面,quán miàn,Comprehensive,ครอบคลุมทุกด้าน
计算、网络与存储资源,"jì suàn, wǎng luò yǔ cún chǔ zī yuán","Computing, Network, and Storage Resources",ทรัพยากรด้านการประมวลผล เครือข่าย และจัดเก็บข้อมูล
企业名誉,qǐ yè míng yù,Corporate Reputation,ชื่อเสียงขององค์กร
成本,chéng běn,Cost,ต้นทุน
成本效益,chéng běn xiào yì,Cost-Effectiveness,ความคุ้มค่าด้านต้นทุน
手工业思维,shǒu gōng yè sī wéi,Craft Industry Mindset,แนวคิดแบบงานฝีมือดั้งเดิม
定制化系统,dìng zhì huà xì tǒng,Custom-Designed Systems,ระบบที่ออกแบบเฉพาะทาง
数据中心,shù jù zhōng xīn,Data Center,ศูนย์ข้อมูล (data center)
数据中心整合,shù jù zhōng xīn zhěng hé,Data Center Consolidation,การรวมศูนย์ data center
数据中心基础设施,shù jù zhōng xīn jī chǔ shè shī,Data Center Infrastructure,โครงสร้างพื้นฐานดาต้าเซ็นเตอร์
数据中心停机,shù jù zhōng xīn tíng jī,Data Center Shutdown,การหยุดทำงานของดาต้าเซ็นเตอร์
数据处理、存储与通信系统,"shù jù chǔ lǐ, cún chǔ yǔ tōng xìn xì tǒng","Data Processing, Storage, and Communications Systems",ระบบประมวลผล จัดเก็บ และสื่อสารข้อมูล
桌面云,zhuō miàn yún,Desktop Cloud,เดสก์ท็อปคลาวด์ (desktop cloud)
分布运算,fēn bù yùn suàn,Distributed Computing,การประมวลผลแบบกระจาย
停机时间,tíng jī shí jiān,Downtime,เวลาที่ระบบหยุดทำงาน (downtime)
教育云,jiào yù yún,Education Cloud,คลาวด์เพื่อการศึกษา
高效,gāo xiào,Efficient,มีประสิทธิภาพ
设备资源,shè bèi zī yuán,Equipment Resources,ทรัพยากรอุปกรณ์
可扩展的,kě kuò zhǎn de,Expandable,สามารถขยายได้ (expandable)
基础理论,jī chǔ lǐ lùn,Fundamental Theory,ทฤษฎีพื้นฐาน
政府云,zhèng fǔ yún,Government Cloud,คลาวด์ภาครัฐ
整体化方法,zhěng tǐ huà fāng fǎ,Holistic Approach,แนวทางแบบองค์รวม
混合数据中心架构,hùn hé shù jù zhōng xīn jià gòu,Hybrid Data Center Architecture,สถาปัตยกรรม data center แบบไฮบริด
ICT设备,ICT shè bèi,ICT Equipment,อุปกรณ์ ICT
室内,shì nèi,Indoor,ภายในอาคาร
信息技术,xìn xī jì shù,Information Technology (IT),เทคโนโลยีสารสนเทศ (IT)
基础设施,jī chǔ shè shī,Infrastructure,โครงสร้างพื้นฐาน
基础设施层,jī chǔ shè shī céng,Infrastructure Layer,ชั้นโครงสร้างพื้นฐาน
机房内,jī fáng nèi,Inside Equipment Room,ภายในห้องเครื่อง
智能,zhì néng,Intelligent,อัจฉริยะ (smart/intelligent)
IT架构,IT jià gòu,IT Architecture,สถาปัตยกรรม IT
IT设施层,IT shè shī céng,IT Facility Layer,ชั้นสิ่งอำนวยความสะดวกด้าน IT
IT基础设施,IT jī chǔ shè shī,IT Infrastructure,โครงสร้างพื้นฐานด้าน IT
IT设备更新,IT shè bèi gēng xīn,IT Refresh,การอัปเกรดอุปกรณ์ IT (IT refresh)
IT需求,IT xū qiú,IT Requirements,ความต้องการด้าน IT
L1 基础设施层,L1 jī chǔ shè shī céng,L1 Infrastructure Layer (power/cooling/fire/water),ชั้น L1 โครงสร้างพื้นฐาน (ไฟฟ้า/ความเย็น/ดับเพลิง/น้ำ)
L2 IT设施层,L2 IT shè shī céng,L2 IT Facility Layer (server/storage/network),ชั้น L2 โครงสร้าง IT (server/storage/network)
L4 应用层,L4 yìng yòng céng,L4 Application Layer (desktop/education/government/learning cloud),ชั้น L4 แอปพลิเคชัน (desktop/education/government/learning cloud)
学习云,xué xí yún,Learning Cloud,คลาวด์เพื่อการเรียนรู้
生命周期成本,shēng mìng zhōu qī chéng běn,Lifecycle Cost,ต้นทุนตลอดวงจรชีวิต
全生命周期成本,quán shēng mìng zhōu qī chéng běn,Lifecycle Costs,ต้นทุนตลอดวงจรชีวิต
照明系统,zhào míng xì tǒng,Lighting System,ระบบไฟส่องสว่าง
关键任务,guān jiàn rèn wù,Mission Critical,งานที่มีความสำคัญสูงสุด (mission critical)
关键任务设施,guān jiàn rèn wù shè shī,Mission-Critical Installations,ระบบงานที่สำคัญยิ่งยวด (mission-critical)
模块化,mó kuài huà,Modular,แบบโมดูลาร์ (modular)
模块化组件,mó kuài huà zǔ jiàn,Modular Components,ชิ้นส่วนแบบโมดูลาร์
多租户数据中心,duō zū hù shù jù zhōng xīn,Multi-Tenant Data Center,ดาต้าเซ็นเตอร์แบบหลายผู้เช่า
网络,wǎng luò,Network,เครือข่าย (network)
操作系统层,cāo zuò xì tǒng céng,Operating System Layer,ชั้นระบบปฏิบัติการ (OS layer)
其他系统,qí tā xì tǒng,Other Systems,ระบบอื่น ๆ
停电/中断,tíng diàn / zhōng duàn,Outages,ไฟดับ / เหตุขัดข้อง
室外,shì wài,Outdoor,ภายนอกอาคาร
机房外,jī fáng wài,Outside Equipment Room,ภายนอกห้องเครื่อง
过度设计/超配,guò dù shè jì / chāo pèi,Oversizing,การออกแบบเผื่อเกินความจำเป็น (oversizing)
并行运算,bìng xíng yùn suàn,Parallel Computing,การประมวลผลแบบขนาน
人员,rén yuán,People,บุคลากร (people)
物理基础设施,wù lǐ jī chǔ shè shī,Physical Infrastructure,โครงสร้างพื้นฐานทางกายภาพ
物理基础设施要素,wù lǐ jī chǔ shè shī yào sù,Physical Infrastructure Elements,องค์ประกอบโครงสร้างพื้นฐานทางกายภาพ
预工程化解决方案,yù gōng chéng huà jiě jué fāng àn,Pre-engineered Solution,โซลูชันที่ออกแบบสำเร็จรูปล่วงหน้า
预工程化,yù gōng chéng huà,Pre-Engineering,การออกแบบวิศวกรรมล่วงหน้า
预制解决方案,yù zhì jiě jué fāng àn,Pre-Manufactured Solutions,โซลูชันสำเร็จรูปจากโรงงาน (pre-manufactured)
公共和社会关系,gōng gòng hé shè huì guān xì,Public and Community Relations,ความสัมพันธ์กับสาธารณะและชุมชน
IT技术快速变化,IT jì shù kuài sù biàn huà,Rapid Changes in IT Technology,การเปลี่ยนแปลงเทคโนโลยี IT อย่างรวดเร็ว
可靠性,kě kào xìng,Reliability,ความน่าเชื่อถือของระบบ
适配尺寸系统,shì pèi chǐ cùn xì tǒng,Right Sized System,ระบบที่ออกแบบขนาดพอดีกับความต้องการ
投资回报率,tóu zī huí bào lǜ,ROI (Return on Investment),ผลตอบแทนจากการลงทุน (ROI)
服务器,fú wù qì,Server,เซิร์ฟเวอร์
服务器整合,fú wù qì zhěng hé,Server Consolidation,การรวมเซิร์ฟเวอร์
单点故障,dān diǎn gù zhàng,Single Point of Failure,จุดที่เสียแล้วระบบทั้งหมดล่ม (single point of failure)
标准化,biāo zhǔn huà,Standardization,การกำหนดมาตรฐาน (standardization)
存储,cún chǔ,Storage,ระบบจัดเก็บข้อมูล (storage)
系统架构,xì tǒng jià gòu,System Architecture,สถาปัตยกรรมของระบบ
技术更新换代,jì shù gēng xīn huàn dài,Technology Refresh,การอัปเกรดเทคโนโลยี (technology refresh)
技术趋势,jì shù qū shì,Technology Trends,แนวโน้มเทคโนโลยี
电信网络,diàn xìn wǎng luò,Telecommunication Networks,เครือข่ายโทรคมนาคม
总拥有成本,zǒng yōng yǒu chéng běn,Total Cost of Ownership (TCO),ต้นทุนรวมในการเป็นเจ้าของ (TCO)
传统数据中心物理基础设施,chuán tǒng shù jù zhōng xīn wù lǐ jī chǔ shè shī,Traditional Data Center Physical Infrastructure,โครงสร้างพื้นฐาน data center แบบดั้งเดิม
配置不足,pèi zhì bù zú,Under-Sizing,การออกแบบไม่เพียงพอ (under-sizing)
正常运行时间,zhèng cháng yùn xíng shí jiān,Uptime,เวลาที่ระบบทำงานได้ปกติ (uptime)
虚拟化,xū nǐ huà,Virtualization,ระบบ virtualization (การจำลองเสมือน)
工作效率,gōng zuò xiào lǜ,Work Efficiency,ประสิทธิภาพในการทำงาน
劳动者,láo dòng zhě,Worker / Laborer,ผู้ใช้แรงงาน
机房,jīfáng,Server Room / Equipment Room,ห้องเซิร์ฟเวอร์ / ห้องเครื่อง
机柜 / 机架,jīguì / jījià,Rack / Cabinet,ตู้แร็ค
值班,zhíbān,On-Duty Shift,เข้าเวร / อยู่เวร
巡检,xúnjiǎn,Inspection / Patrol,การตรวจตรา / เดินตรวจ
工单,gōngdān,Work Order / Ticket,ใบสั่งงาน
故障,gùzhàng,Fault / Failure,ความขัดข้อง / เสีย
告警 / 报警,gàojǐng / bàojǐng,Alarm,สัญญาณเตือน
应急预案,yìngjí yù'àn,Emergency Plan,แผนฉุกเฉิน
标准作业程序 (SOP),biāozhǔn zuòyè chéngxù,Standard Operating Procedure (SOP),ขั้นตอนปฏิบัติงานมาตรฐาน (SOP)
在线率 / 正常运行时间,zàixiànlǜ / zhèngcháng yùnxíng shíjiān,Uptime,อัตราการออนไลน์ / เวลาทำงานปกติ
交接班,jiāojiēbān,Shift Handover,ส่งมอบเวร / เปลี่ยนกะ
闭环,bìhuán,Closed-Loop,ปิดงานครบวงจร / ปิดลูป
柴油发电机,cháiyóu fādiànjī,Diesel Generator,เครื่องกำเนิดไฟฟ้าดีเซล
配电柜,pèidiànguì,Power Distribution Cabinet,ตู้จ่ายไฟ
高压 / 低压,gāoyā / dīyā,High / Low Voltage,แรงดันสูง / แรงดันต่ำ
双路供电,shuānglù gòngdiàn,Dual Power Feed,จ่ายไฟสองทาง
自动转换开关 (ATS),zìdòng zhuǎnhuàn kāiguān,Automatic Transfer Switch (ATS),สวิตช์สลับแหล่งจ่ายไฟอัตโนมัติ (ATS)
负载 / 负荷,fùzài / fùhè,Load,โหลด / ภาระไฟฟ้า
蓄冷罐,xùlěngguàn,Thermal Storage Tank,ถังกักเก็บความเย็น
冷冻水系统,lěngdòngshuǐ xìtǒng,Chilled Water System,ระบบน้ำเย็น
风冷 / 水冷,fēnglěng / shuǐlěng,Air Cooling / Water Cooling,ระบายความร้อนด้วยลม / น้ำ
液冷,yèlěng,Liquid Cooling,ระบายความร้อนด้วยของเหลว
冷通道 / 热通道,lěng tōngdào / rè tōngdào,Cold Aisle / Hot Aisle,ช่องทางเย็น / ช่องทางร้อน
温湿度,wēnshīdù,Temperature & Humidity,อุณหภูมิและความชื้น
新风系统,xīnfēng xìtǒng,Fresh Air System,ระบบอากาศบริสุทธิ์
冷板式液冷,lěngbǎnshì yèlěng,Cold Plate Liquid Cooling,ระบายความร้อนด้วยของเหลวแบบ cold plate
光纤,guāngxiān,Optical Fiber,ไฟเบอร์ออปติก / ใยแก้วนำแสง
带宽,dàikuān,Bandwidth,แบนด์วิดท์
网络设备,wǎngluò shèbèi,Network Equipment,อุปกรณ์เครือข่าย
云计算,yúnjìsuàn,Cloud Computing,คลาวด์คอมพิวติ้ง
算力,suànlì,Computing Power,พลังประมวลผล
智算中心,zhìsuàn zhōngxīn,AI / Intelligent Computing Center,ศูนย์ประมวลผลอัจฉริยะ (AI)
上架 / 下架,shàngjià / xiàjià,Rack In / Rack Out,ติดตั้ง / ถอดอุปกรณ์เข้า-ออกแร็ค
气体灭火,qìtǐ mièhuǒ,Gas Fire Suppression,ดับเพลิงด้วยแก๊ส
门禁系统,ménjìn xìtǒng,Access Control System,ระบบควบคุมประตู
监控系统,jiānkòng xìtǒng,Monitoring / CCTV System,ระบบมอนิเตอร์ / กล้องวงจรปิด
动环监控,dònghuán jiānkòng,Power & Environment Monitoring,มอนิเตอร์ไฟฟ้าและสภาพแวดล้อม
安全规范,ānquán guīfàn,Safety Regulations,ระเบียบความปลอดภัย
事故上报,shìgù shàngbào,Incident Escalation / Reporting,รายงานเหตุ / รายงานอุบัติการณ์
电能使用效率 (PUE),diànnéng shǐyòng xiàolǜ,Power Usage Effectiveness (PUE),ประสิทธิภาพการใช้พลังงานไฟฟ้า (PUE)
N+1 冗余,N jiā yī róngyú,N+1 Redundancy,สำรองแบบ N+1
2N,èr N,2N Redundancy,สำรองเท่าตัว (2N)
容错,róngcuò,Fault Tolerance,ทนต่อความผิดพลาด
轮班 / 倒班,lúnbān / dǎobān,Shift Rotation,ทำงานเป็นกะ / หมุนเวียนกะ
夜班 / 白班,yèbān / báibān,Night Shift / Day Shift,กะดึก / กะกลางวัน
薪资 / 工资,xīnzī / gōngzī,Salary,เงินเดือน
福利,fúlì,Benefits,สวัสดิการ
年终奖,niánzhōngjiǎng,Year-End Bonus,โบนัสปลายปี
试用期,shìyòngqī,Probation Period,ช่วงทดลองงาน
转正,zhuǎnzhèng,Become a Permanent Employee,บรรจุเป็นพนักงานประจำ
职业发展,zhíyè fāzhǎn,Career Development,ความก้าวหน้าในอาชีพ
数据中心的稳定运行是第一位的。,shùjù zhōngxīn de wěndìng yùnxíng shì dì-yī wèi de,Stable operation of the data center comes first.,ความเสถียรของดาต้าเซ็นเตอร์คือสิ่งสำคัญที่สุด
满足 / 满意,mǎnzú / mǎnyì,satisfy / satisfied,ทำให้พอใจ / รู้สึกพอใจ
实践 / 练习,shíjiàn / liànxí,practice,การฝึกฝน / การปฏิบัติ
迅速地,xùnsù de,rapidly,อย่างรวดเร็ว
蔓延 / 扩散,mànyán / kuòsàn,spreading,การแพร่กระจาย / ลุกลาม
底层的 / 潜在的,dǐcéng de / qiánzài de,underlying,ที่อยู่เบื้องหลัง / เป็นพื้นฐาน
出货量,chūhuòliàng,shipments,ปริมาณการจัดส่งสินค้า
专有的,zhuānyǒu de,proprietary,ที่เป็นกรรมสิทธิ์เฉพาะของบริษัท
保修,bǎoxiū,warranty,การรับประกัน
普通的,pǔtōng de,ordinary,ธรรมดา / ทั่วไป
善意的,shànyì de,well-intentioned,มีเจตนาดี
绝缘,juéyuán,insulation,ฉนวน / การเป็นฉนวนไฟฟ้า
静压腔（送风夹层）,jìngyāqiāng (sòngfēng jiācéng),plenum,ช่องทางลมเย็นของระบบ cooling (plenum)
表明 / 指示,biǎomíng / zhǐshì,indicate / indicates,บ่งชี้ / แสดงให้เห็น
事故 / 事件,shìgù / shìjiàn,incident,เหตุการณ์ / อุบัติการณ์
跨越 / 涵盖,kuàyuè / hángài,spans,ทอดข้าม / ครอบคลุม
展示 / 证明,zhǎnshì / zhèngmíng,demonstrate,แสดงให้เห็น / พิสูจน์
努力,nǔlì,effort,ความพยายาม
助理级 / 初级,zhùlǐ jí / chūjí,Associate level,ระดับเริ่มต้น (Associate)
云业务,yún yèwù,Cloud Business / Cloud Services,ธุรกิจ / บริการคลาวด์
体系,tǐxì,System / Framework,ระบบ / โครงสร้างเชิงระบบ
配电系统,pèidiàn xìtǒng,Power Distribution System,ระบบจ่ายไฟฟ้า
肺,fèi,Lung,ปอด
冷却,lěngquè,Cooling,การระบายความร้อน / ทำความเย็น
末端,mòduān,Terminal / End Unit,ส่วนปลาย / ยูนิตปลายทาง
冷池 / 热池,lěngchí / rèchí,Cold Pool / Hot Pool (aisle containment),พื้นที่ปิดล้อมช่องเย็น / ช่องร้อน
防护,fánghù,Protection,การป้องกัน
施工,shīgōng,Construction Work,การก่อสร้าง / งานติดตั้ง
从业人员,cóngyè rényuán,Practitioners / Working Personnel,ผู้ปฏิบัติงานในสายอาชีพ
配电段 (PC段),pèidiàn duàn,Power Distribution Section (PC Section),เซกชันจ่ายไฟ (PC section)
跳闸,tiàozhá,Trip (Breaker Trip),เบรกเกอร์ตัด / ทริป
焊工,hàngōng,Welder,ช่างเชื่อม
扛,káng,Carry on the Shoulder,แบก (บนบ่า/ไหล่)
违章,wéizhāng,Violation of Rules / Regulations,การฝ่าฝืนกฎระเบียบ
委员会,wěiyuánhuì,Committee,คณะกรรมการ
伏,fú,Volt (V),โวลต์
交流电,jiāoliúdiàn,Alternating Current (AC),ไฟฟ้ากระแสสลับ
活性物质,huó xìng wù zhì,Active Material,สารออกฤทธิ์ในแผ่นขั้ว (active material)
框架式断路器 (ACB),kuàng jià shì duàn lù qì,Air Circuit Breaker (ACB),เบรกเกอร์แบบเฟรม ACB (Air Circuit Breaker)
铝箔,lǚ bó,Aluminum Foil,แผ่นฟอยล์อะลูมิเนียม (aluminum foil)
防静电接地,fáng jìng diàn jiē dì,Anti-Static Grounding,กราวด์ป้องกันไฟฟ้าสถิต (anti-static grounding)
PC级/CB级ATS,PC jí / CB jí ATS,ATS Classification: PC-class vs CB-class,ATS ประเภท PC-class และ CB-class
ATS切换类型,ATS qiè huàn lèi xíng,ATS Switching Types (Standard/Delayed/Closed Transition),ประเภทการสลับของ ATS (standard/delayed/closed transition)
电池充电模式切换,diàn chí chōng diàn mó shì qiè huàn,Battery Charging Mode Switch (Equalizing/Float),การสลับโหมดชาร์จแบตเตอรี่ (equalizing/float)
电池充电电压温度补偿,diàn chí chōng diàn diàn yā wēn dù bǔ cháng,Battery Charging Voltage Temperature Compensation,การชดเชยแรงดันชาร์จแบตเตอรี่ตามอุณหภูมิ (temperature compensation)
双金属片,shuāng jīn shǔ piàn,Bimetal (Bimetallic Strip),แผ่นโลหะคู่ (bimetal strip)
粘合剂,nián hé jì,Binder,สารยึดเกาะ (binder)
电池低压下电,diàn chí dī yā xià diàn,BLVD (Battery Low Voltage Disconnect),การตัดวงจรแบตเตอรี่เมื่อแรงดันต่ำ (BLVD)
电容,diàn róng,Capacitance (C),ความจุไฟฟ้า (capacitance)
一类市电,yī lèi shì diàn,Class 1 Utility Supply,"ไฟจากการไฟฟ้าประเภท 1 (<=12 ครั้ง/ปี, <=0.5 ชม./ครั้ง)"
二类市电,èr lèi shì diàn,Class 2 Utility Supply,"ไฟจากการไฟฟ้าประเภท 2 (<=42 ครั้ง/ปี, <=6 ชม./ครั้ง)"
三类市电,sān lèi shì diàn,Class 3 Utility Supply,"ไฟจากการไฟฟ้าประเภท 3 (<=54 ครั้ง/ปี, <=8 ชม./ครั้ง)"
四类市电,sì lèi shì diàn,Class 4 Utility Supply,ไฟจากการไฟฟ้าประเภท 4 (ไฟดับตามฤดูกาลหรือไม่มีไฟ)
A级/B级/C级机房供电配置,A jí / B jí / C jí jī fáng gōng diàn pèi zhì,Class A/B/C Data Center Power Supply Configuration (per national standard),ระดับการจ่ายไฟของ data center เกรด A/B/C ตามมาตรฐานจีน
二类供电网络,èr lèi gōng diàn wǎng luò,Class II Power Supply Network,เครือข่ายไฟฟ้าประเภทที่ 2
二类供电网络单次故障持续时间要求,èr lèi gōng diàn wǎng luò dān cì gù zhàng chí xù shí jiān yāo qiú,Class II Power Supply Network Single-Fault Duration Requirement (≤6h),ข้อกำหนดระยะเวลาขัดข้องต่อครั้งของเครือข่ายไฟฟ้าประเภทที่ 2 (≤6 ชม.)
功能接地兼保护接地,gōng néng jiē dì jiān bǎo hù jiē dì,Combined Functional and Protective Grounding,กราวด์แบบผสม functional + protective (EMC)
常见接地系统命名,cháng jiàn jiē dì xì tǒng mìng míng,"Common Grounding System Naming (TN-C, TN-S, IT)","ชื่อระบบกราวด์ที่พบทั่วไป (TN-C, TN-S, IT)"
接地系统组成,jiē dì xì tǒng zǔ chéng,Composition of the Grounding System,องค์ประกอบของระบบกราวด์ (grounding system)
导电剂,dǎo diàn jì,Conductive Agent,สารนำไฟฟ้า (conductive agent)
控制箱,kòng zhì xiāng,Control Box,กล่องควบคุม (control box)
电力铜导体,diàn lì tóng dǎo tǐ,Copper Conductor (for data center cables),ตัวนำทองแดง (copper conductor) - มาตรฐานสำหรับสาย data center
铜箔,tóng bó,Copper Foil,แผ่นฟอยล์ทองแดง (copper foil)
循环寿命,xún huán shòu mìng,Cycle Life,อายุการใช้งานตามรอบชาร์จ (cycle life)
直流汇流,zhí liú huì liú,DC Current Combining / Busbar Combining,การรวมกระแสไฟฟ้ากระแสตรง (DC current combining / busbar)
直流防雷,zhí liú fáng léi,DC Lightning Protection,ระบบป้องกันฟ้าผ่าสำหรับไฟฟ้ากระแสตรง (DC lightning protection)
直流电源柜,zhí liú diàn yuán guì,DC Power Cabinet,ตู้แหล่งจ่ายไฟ DC (DC power cabinet)
直流配电单元,zhí liú pèi diàn dān yuán,DC Power Distribution Unit (DC-PDU),หน่วยจ่ายไฟฟ้ากระแสตรง (DC distribution unit)
放电深度 (DOD),fàng diàn shēn dù,Depth of Discharge (DOD),ระดับความลึกการคายประจุ (DOD)
柴油机,chái yóu jī,Diesel Engine,เครื่องยนต์ดีเซล (diesel engine)
配电变压器,pèi diàn biàn yā qì,Distribution Transformer,หม้อแปลง distribution transformer
抽屉式（直流电源柜）,chōu ti shì,Drawer Type (not a valid Huawei DC power cabinet classification),แบบลิ้นชัก (drawer type) - ไม่ใช่ประเภทมาตรฐานของตู้ DC ของ Huawei
双路电源供电,shuāng lù diàn yuán gōng diàn,Dual Power Supply,การจ่ายไฟแบบสองแหล่ง (dual power supply)
双电源切换开关,shuāng diàn yuán qiē huàn kāi guān,Dual Power Transfer Switch,สวิตช์สลับแหล่งจ่ายไฟสองแหล่ง (dual power transfer switch)
电解液,diàn jiě yè,Electrolyte,สารอิเล็กโทรไลต์ (electrolyte)
电磁式漏电保护器,diàn cí shì lòu diàn bǎo hù qì,Electromagnetic-type RCD,RCD ชนิดแม่เหล็กไฟฟ้า (electromagnetic RCD)
电子式漏电保护器,diàn zǐ shì lòu diàn bǎo hù qì,Electronic-type RCD,RCD ชนิดอิเล็กทรอนิกส์ (electronic RCD)
嵌入式（直流电源柜）,qiàn rù shì,Embedded Type (DC Power Cabinet),แบบฝังตัว (embedded type)
应急照明,yìng jí zhào míng,Emergency Lighting,ไฟฉุกเฉิน (emergency lighting)
应急电源/安全设施电源,yìng jí diàn yuán / ān quán shè shī diàn yuán,Emergency Power Source / Safety Facility Power Source,แหล่งจ่ายไฟฉุกเฉิน (emergency power source)
放电终止 (EOD),fàng diàn zhōng zhǐ,End of Discharge (EOD),จุดสิ้นสุดการคายประจุ (EOD)
放电末期,fàng diàn mò qī,End of Discharge Period,ช่วงปลายของการคายประจุ
能量密度,néng liàng mì dù,Energy Density,ความหนาแน่นพลังงาน (energy density)
五次谐波,wǔ cì xié bō,Fifth Harmonic,ฮาร์มอนิกลำดับที่ 5 (fifth harmonic)
消防泵,xiāo fáng bèng,Fire Pump,ปั๊มดับเพลิง (fire pump)
一级负荷,yī jí fù hè,First-Class Load,โหลดระดับหนึ่ง (first-class load) - หยุดจ่ายไฟแล้วเสียหายรุนแรง
燃油箱,rán yóu xiāng,Fuel Tank,ถังน้ำมันเชื้อเพลิง (fuel tank)
输电、配电、保护、控制、监测,"shū diàn, pèi diàn, bǎo hù, kòng zhì, jiān cè","Functions of Power Distribution: Transmission, Distribution, Protection, Control, Monitoring",หน้าที่ของระบบ power distribution: ส่งไฟ กระจายไฟ ป้องกัน ควบคุม ตรวจสอบ
基波,jī bō,Fundamental Wave,"คลื่นพื้นฐาน (fundamental wave, 50Hz)"
熔断器分断能力,róng duàn qì fēn duàn néng lì,Fuse Breaking Capacity,ความสามารถตัดกระแสของฟิวส์ (fuse breaking capacity)
熔断器式刀开关,róng duàn qì shì dāo kāi guān,Fuse-type Knife Switch,สวิตช์ใบมีดชนิดมีฟิวส์ (fuse-type knife switch)
熔断特性（慢熔/快熔）,róng duàn tè xìng (màn róng / kuài róng),Fusing Characteristic (Slow-blow / Fast-blow),คุณสมบัติการขาดของฟิวส์ (slow-blow / fast-blow)
通信电源设备安装工程设计规范,tōng xìn diàn yuán shè bèi ān zhuāng gōng chéng shè jì guī fàn,GB 51194-2016 Design Code for Telecom Power Installation,มาตรฐานจีน GB 51194-2016 สำหรับติดตั้งระบบไฟฟ้าโทรคมนาคม
发电机/交流发电机,fā diàn jī / jiāo liú fā diàn jī,Generator / Alternator,เครื่องกำเนิดไฟฟ้ากระแสสลับ (alternator)
发电机配电系统,fā diàn jī pèi diàn xì tǒng,Generator Power Distribution System,ระบบจ่ายไฟจาก generator
发电机组,fā diàn jī zǔ,Generator Set,ชุดเครื่องกำเนิดไฟฟ้า (genset)
电网电压等级,diàn wǎng diàn yā děng jí,Grid Supply Voltage Levels,ระดับแรงดันไฟฟ้าจากสายส่ง (grid voltage levels)
接地母排,jiē dì mǔ pái,Grounding Busbar,บัสบาร์กราวด์ (grounding busbar)
接地装置,jiē dì zhuāng zhì,Grounding Device (Electrodes + Leads),อุปกรณ์ระบบกราวด์ (grounding device)
接地极,jiē dì jí,Grounding Electrode,หลักดิน/แท่งกราวด์ (grounding electrode)
接地引下线,jiē dì yǐn xià xiàn,Grounding Lead Wire,สายนำลงกราวด์ (grounding lead wire)
高压配电系统,gāo yā pèi diàn xì tǒng,High-Voltage Distribution System,ระบบจ่ายไฟแรงดันสูง (high-voltage)
华为直流配电单元功能,huá wéi zhí liú pèi diàn dān yuán gōng néng,Huawei DC Power AC Distribution Unit Functions,ฟังก์ชันของหน่วยจ่ายไฟ AC ในระบบไฟ DC ของ Huawei
阻抗,zǔ kàng,Impedance (Z),อิมพีแดนซ์ (impedance)
耐冲击电压额定值 (Uw),nài chōng jī diàn yā é dìng zhí,Impulse Withstand Voltage Rating (Uw),ค่าพิกัดแรงดันทนต่อฟ้าผ่า (Uw)
电感,diàn gǎn,Inductance (L),ความเหนี่ยวนำไฟฟ้า (inductance)
瞬时型漏电保护器,shùn shí xíng lòu diàn bǎo hù qì,Instantaneous-type RCD,RCD ชนิดตัดทันที (instantaneous RCD)
IP防护等级,IP fáng hù děng jí,IP (Ingress Protection) Rating,ระดับการป้องกัน IP rating
铁芯,tiě xīn,Iron Core,แกนเหล็ก (iron core)
隔离开关,gé lí kāi guān,Isolating Switch (Disconnector),สวิตช์ตัดแยก (isolating switch/disconnector)
IT系统,IT xì tǒng,IT System,ระบบกราวด์ IT (IT system)
层状石墨,céng zhuàng shí mò,Layered Graphite,กราไฟต์แบบเป็นชั้น (layered graphite)
硫酸铅 (PbSO4),liú suān qiān,Lead Sulfate (PbSO4),"ตะกั่วซัลเฟต (lead sulfate, PbSO4)"
铅酸蓄电池按电解质分类,qiān suān xù diàn chí àn diàn jiě zhì fēn lèi,Lead-Acid Battery Classification by Electrolyte Type,การจำแนกแบตเตอรี่ตะกั่วกรดตามชนิดอิเล็กโทรไลต์
防雷接地,fáng léi jiē dì,Lightning Protection Grounding,กราวด์ป้องกันฟ้าผ่า (lightning protection grounding)
锂离子电池隔膜,lǐ lí zǐ diàn chí gé mó,Lithium-ion Battery Separator,แผ่นกั้น (separator) แบตเตอรี่ลิเธียมไอออน
负载低电压下电,fù zài dī diàn yā xià diàn,Load Low-Voltage Disconnect (LVD),"การตัดโหลดอัตโนมัติเมื่อแรงดันต่ำ (Low-Voltage Disconnect, LVD)"
低压电器,dī yā diàn qì,Low-Voltage Apparatus,อุปกรณ์ไฟฟ้าแรงดันต่ำ (low-voltage apparatus)
低压配电柜,dī yā pèi diàn guì,Low-Voltage Distribution Cabinet,ตู้จ่ายไฟแรงดันต่ำ (low-voltage distribution cabinet)
磁脱扣,cí tuō kòu,Magnetic Trigger (Trip),การตัดวงจรด้วยแม่เหล็ก (magnetic trip)
市电逆变模式,shì diàn nì biàn mó shì,Mains Inverter Mode,โหมด mains inverter ของ UPS (ใช้ไฟจากการไฟฟ้าผ่านตัวแปลงไฟ)
最大放电电流 (Imax),zuì dà fàng diàn diàn liú,Maximum Discharge Current (Imax),กระแสคายประจุสูงสุด (Imax)
脱扣特性 B/C/D/Z/K,tuō kòu tè xìng,MCB Trip Curve Characteristics (B/C/D/Z/K),เส้นโค้งการตัดวงจร B/C/D/Z/K (trip curve)
断路器脱扣特性等级,duàn lù qì tuō kòu tè xìng děng jí,MCB Trip Curve Class (B/C/D/Z),เกรดคุณสมบัติการตัดวงจรของ MCB (B/C/D/Z)
金属锂电池,jīn shǔ lǐ diàn chí,Metal Lithium Battery,แบตเตอรี่ลิเทียมโลหะ (metal lithium battery)
微型断路器 (MCB),wēi xíng duàn lù qì,Miniature Circuit Breaker (MCB),เบรกเกอร์ลูกย่อย MCB (Miniature Circuit Breaker)
塑壳断路器 (MCCB),sù ké duàn lù qì,Molded Case Circuit Breaker (MCCB),เบรกเกอร์ MCCB (Molded Case Circuit Breaker)
N线（工作零线）,N xiàn (gōng zuò líng xiàn),N Line (Working Neutral),สาย N (neutral) - เส้นทางกลับของกระแสไฟใช้งาน
负极,fù jí,Negative Electrode (Anode),แผ่นขั้วลบ (anode)
标称放电电流 (In),biāo chēng fàng diàn diàn liú,Nominal Discharge Current (In),กระแสคายประจุพิกัด (In)
非线性电气设备,fēi xiàn xìng diàn qì shè bèi,Non-linear Electrical Equipment,อุปกรณ์ไฟฟ้าชนิดไม่เชิงเส้น (non-linear load)
非智能配电柜与智能配电柜,fēi zhì néng pèi diàn guì yǔ zhì néng pèi diàn guì,Non-Smart PDC and Smart PDC,ตู้จ่ายไฟแบบธรรมดา (non-smart) และแบบอัจฉริยะ (smart PDC)
室外电源（柜）,shì wài diàn yuán (guì),Outdoor Power Cabinet,ตู้แหล่งจ่ายไฟติดตั้งภายนอกอาคาร (outdoor power cabinet)
PE线（保护地线）,PE xiàn (bǎo hù dì xiàn),PE Line (Protective Earth),สาย PE (protective earth) - เส้นทางกลับของกระแสไฟรั่ว/ผิดพลาด
PEN线,PEN xiàn,PEN Line (Combined PE + N Conductor),สาย PEN (รวม PE กับ N ในสายเดียว)
正极板,zhèng jí bǎn,Positive Plate (Cathode),แผ่นขั้วบวก (cathode)
导体、绝缘层、屏蔽层、护套层,"dǎo tǐ, jué yuán céng, píng bì céng, hù tào céng","Power Cable Structure: Conductor, Insulation, Shielding, Protective Layer",โครงสร้างสายเคเบิลไฟฟ้า: ตัวนำ ฉนวน ชีลด์ เปลือกป้องกัน
电力容量,diàn lì róng liàng,Power Capacity,ความจุด้านไฟฟ้า (power capacity)
配电系统概述,pèi diàn xì tǒng gài shù,Power Distribution System Overview,ภาพรวมระบบ power distribution
功率因数,gōng lǜ yīn shù,Power Factor,ตัวประกอบกำลังไฟฟ้า (power factor)
电网质量问题,diàn wǎng zhì liàng wèn tí,Power Grid Quality Issue,ปัญหาคุณภาพไฟฟ้าจากสายส่ง (power quality issue)
供电中断,gōng diàn zhōng duàn,Power Supply Interruption,ไฟฟ้าดับ/ขัดข้อง (power interruption) - ตัวชี้วัดคุณภาพไฟฟ้า
供电可靠性,gōng diàn kě kào xìng,Power Supply Reliability,ความน่าเชื่อถือของการจ่ายไฟ (power reliability)
防止外部空气、水分进入电池,"fáng zhǐ wài bù kōng qì, shuǐ fèn jìn rù diàn chí",Prevent External Air/Moisture from Entering the Battery,ป้องกันไม่ให้อากาศและความชื้นจากภายนอกเข้าสู่แบตเตอรี่
一次电池,yí cì diàn chí,Primary Battery,แบตเตอรี่แบบใช้ครั้งเดียว (primary battery)
机柜配电单元 (rPDU),jī guì pèi diàn dān yuán,Rack Power Distribution Unit (rPDU),rPDU ที่ตู้ rack
散热器,sàn rè qì,Radiator,หม้อน้ำระบายความร้อน (radiator)
额定运行短路分断能力 (Ics),é dìng yùn xíng duǎn lù fēn duàn néng lì,Rated Service Short-Circuit Breaking Capacity (Ics),ความสามารถตัดกระแสลัดวงจรขณะใช้งาน (Ics)
额定极限短路分断能力 (Icu),é dìng jí xiàn duǎn lù fēn duàn néng lì,Rated Ultimate Short-Circuit Breaking Capacity (Icu),ความสามารถตัดกระแสลัดวงจรสูงสุด (Icu)
额定工作电流,é dìng gōng zuò diàn liú,Rated Working Current,กระแสไฟฟ้าพิกัดใช้งาน (rated working current)
RC电路阻抗与频率关系,RC diàn lù zǔ kàng yǔ pín lǜ guān xì,RC Circuit Impedance vs Frequency,อิมพีแดนซ์ของวงจร RC เทียบกับความถี่
漏电保护器 (RCD),lòu diàn bǎo hù qì,RCD (Residual Current Device),เบรกเกอร์กันดูด RCD (residual current device)
整流,zhěng liú,Rectification,"การเรียงกระแสไฟฟ้า (rectification, แปลง AC เป็น DC)"
重复接地（零线）,chóng fù jiē dì (líng xiàn),Repeated Grounding of Neutral Line,การต่อกราวด์ซ้ำของสาย neutral
残压,cán yā,Residual Voltage,แรงดันตกค้าง (residual voltage)
电阻,diàn zǔ,Resistance (R),ความต้านทาน (resistance)
列头柜,liè tóu guì,Row Head Cabinet (Remote Power Panel),ตู้ row head cabinet
安全阀,ān quán fá,Safety Valve,วาล์วนิรภัย (safety valve)
二级负荷,èr jí fù hè,Second-Class Load,โหลดระดับสอง (second-class load)
二次电池,èr cì diàn chí,Secondary Battery,แบตเตอรี่แบบชาร์จซ้ำได้ (secondary battery)
选择性保护,xuǎn zé xìng bǎo hù,Selective Protection,การป้องกันแบบเลือกลำดับ (selective protection/coordination)
选择型漏电保护器,xuǎn zé xíng lòu diàn bǎo hù qì,Selective-type RCD,RCD ชนิดเลือกลำดับ (selective RCD)
隔膜,gé mó,Separator (Diaphragm),แผ่นกั้น/เมมเบรน (separator)
隔板,gé bǎn,Separator Plate,แผ่นกั้นขั้วแบตเตอรี่ (separator plate)
信号回路接地,xìn hào huí lù jiē dì,Signal Circuit Grounding,กราวด์วงจรสัญญาณ (signal circuit grounding)
单相三线制,dān xiāng sān xiàn zhì,Single-Phase Three-Wire System,"ระบบไฟเฟสเดียวสามสาย (L1, N, L2)"
单相二线制,dān xiāng èr xiàn zhì,Single-Phase Two-Wire System,"ระบบไฟเฟสเดียวสองสาย (L1, L2)"
浪涌保护器 (SPD),làng yǒng bǎo hù qì,SPD (Surge Protective Device),อุปกรณ์ป้องกันไฟกระชาก SPD (Surge Protective Device)
防护等级 I/II/III 级,fáng hù děng jí I/II/III jí,SPD Protection Levels (Class I/II/III or B/C/D),ระดับการป้องกันของ SPD (Class I/II/III หรือ B/C/D)
备用电源,bèi yòng diàn yuán,Standby Power Source,แหล่งจ่ายไฟสำรอง (standby power source)
启动/控制蓄电池,qǐ dòng / kòng zhì xù diàn chí,Starting and Control Battery,แบตเตอรี่สตาร์ทและควบคุม (starting battery)
荷电状态 (SOC),hè diàn zhuàng tài,State of Charge (SOC),สถานะการชาร์จ (SOC)
电池的健康状态 (SOH),diàn chí de jiàn kāng zhuàng tài,State of Health (SOH),สถานะสุขภาพแบตเตอรี่ (SOH)
静态切换开关 (STS),jìng tài qiē huàn kāi guān,STS (Static Transfer Switch),สวิตช์สลับไฟแบบสถิต STS
硫酸的浓度,liú suān de nóng dù,Sulfuric Acid Concentration,ความเข้มข้นของกรดซัลฟิวริก
持续过压,chí xù guò yā,Sustained Overvoltage,แรงดันไฟเกินต่อเนื่อง (sustained overvoltage)
热脱扣,rè tuō kòu,Thermal Trigger (Trip),การตัดวงจรด้วยความร้อน (thermal trip)
三次谐波,sān cì xié bō,Third Harmonic,ฮาร์มอนิกลำดับที่ 3 (third harmonic)
三级负荷,sān jí fù hè,Third-Class Load,โหลดระดับสาม (third-class load)
三相四线制,sān xiāng sì xiàn zhì,Three-Phase Four-Wire System,"ระบบไฟสามเฟสสี่สาย (L1,L2,L3,N)"
三相电压不平衡,sān xiāng diàn yā bù píng héng,Three-Phase Voltage Imbalance,แรงดันไฟฟ้าสามเฟสไม่สมดุล (voltage imbalance)
可控硅 (SCR),kě kòng guī,Thyristor (SCR),ไทริสเตอร์ (thyristor/SCR)
TN系统,TN xì tǒng,TN System,ระบบกราวด์ TN (TN system)
TN-C系统,TN-C xì tǒng,TN-C System,ระบบกราวด์ TN-C
TN-C-S系统,TN-C-S xì tǒng,TN-C-S System,ระบบกราวด์ TN-C-S
TN-S系统,TN-S xì tǒng,TN-S System,ระบบกราวด์ TN-S
过渡金属氧化物,guò dù jīn shǔ yǎng huà wù,Transition Metal Oxide,ทรานซิชันเมทัลออกไซด์ (transition metal oxide)
TT系统,TT xì tǒng,TT System,ระบบกราวด์ TT (TT system)
UPS有功/无功功率计算,UPS yǒu gōng / wú gōng gōng lǜ jì suàn,UPS Active/Reactive Power Calculation,การคำนวณกำลังไฟฟ้าจริง/รีแอคทีฟของ UPS
UPS N+1系统（冗余配置）,UPS N jiā yī xì tǒng (rǒng yú pèi zhì),UPS N+1 Redundant Configuration,ระบบ UPS แบบสำรอง N+1 (N+1 redundant configuration)
市电系统,shì diàn xì tǒng,Utility Power System,ระบบไฟฟ้าจากการไฟฟ้า (utility)
排除电池内部多余气体,pái chú diàn chí nèi bù duō yú qì tǐ,Vent Excess Internal Gas,ระบายก๊าซส่วนเกินภายในแบตเตอรี่ออก
电压偏差,diàn yā piān chā,Voltage Deviation,"ค่าเบี่ยงเบนแรงดันไฟฟ้า (voltage deviation, Δu)"
电压波动与闪变,diàn yā bō dòng yǔ shǎn biàn,Voltage Fluctuation and Flicker,แรงดันไฟฟ้าผันผวนและกระพริบ (flicker)
电压中断,diàn yā zhōng duàn,Voltage Interruption,ไฟฟ้าดับชั่วขณะ (voltage interruption)
电压浪涌,diàn yā làng yǒng,Voltage Surge,แรงดันไฟกระชาก (voltage surge)
电压瞬变,diàn yā shùn biàn,Voltage Transient,แรงดันไฟกระเพื่อมชั่วขณะ (voltage transient)
密封式阀控铅酸蓄电池英文简称,mì fēng shì fá kòng qiān suān xù diàn chí yīng wén jiǎn chēng,VRLA (Valve-Regulated Lead-Acid Battery),แบตเตอรี่ตะกั่วกรดแบบ VRLA (Valve-Regulated Lead-Acid)
阀控式铅酸蓄电池负极活性物质,fá kòng shì qiān suān xù diàn chí fù jí huó xìng wù zhì,VRLA Battery Negative Electrode Active Material (Sponge Lead),สารออกฤทธิ์ขั้วลบแบตเตอรี่ VRLA (ตะกั่วฟองน้ำ)
壁挂式（直流电源柜）,bì guà shì,Wall-mounted Type (DC Power Cabinet),แบบติดผนัง (wall-mounted type)
绕组（线圈）,rào zǔ (xiàn quān),Winding (Coil),ขดลวด (winding/coil)
空气调节指标,kōng qì tiáo jié zhǐ biāo,Air Conditioning Regulation Indicators,ตัวชี้วัดการปรับสภาพอากาศ
风冷空调,fēng lěng kōng tiáo,Air-Cooled Air Conditioner,เครื่องปรับอากาศระบายความร้อนด้วยอากาศ
风冷冷凝器,fēng lěng lěng níng qì,Air-Cooled Condenser,คอนเดนเซอร์ระบายความร้อนด้วยอากาศ
冷冻水精密空调,lěng dòng shuǐ jīng mì kōng tiáo,Chilled Water Precision Air Conditioner,เครื่องปรับอากาศ precision แบบ chilled water
洁净度,jié jìng dù,Cleanliness,ความสะอาด (cleanliness)
冷通道进风温度范围,lěng tōng dào jìn fēng wēn dù fàn wéi,Cold Aisle Inlet Air Temperature Range (18-27C),ช่วงอุณหภูมิลมเข้า cold aisle (18-27C)
直接接触式空气处理设备,zhí jiē jiē chù shì kōng qì chǔ lǐ shè bèi,Direct-Contact Air Treatment Device,อุปกรณ์ปรับสภาพอากาศแบบสัมผัสตรง
直接接触式热湿处理设备,zhí jiē jiē chù shì rè shī chǔ lǐ shè bèi,Direct-Contact Heat and Humidity Treatment Device,อุปกรณ์ปรับความร้อนและความชื้นแบบสัมผัสตรง
干模式,gān mó shì,Dry Mode,โหมดแห้ง (dry mode)
双风机,shuāng fēng jī,Dual-Fan,แบบสองพัดลม (dual-fan)
有效输入功率,yǒu xiào shū rù gōng lǜ,Effective Input Power,กำลังไฟฟ้าขาเข้าที่ใช้งานจริง
能效比,néng xiào bǐ,Energy Efficiency Ratio (EER),ค่าอัตราส่วนประสิทธิภาพพลังงาน (EER)
翅片管式空气加热器,chì piàn guǎn shì kōng qì jiā rè qì,Finned Tube Air Heater,เครื่องทำความร้อนอากาศแบบท่อครีบ
风冷空调四大核心部件,fēng lěng kōng tiáo sì dà hé xīn bù jiàn,Four Core Components of Air-Cooled Air Conditioning,ส่วนประกอบหลัก 4 ส่วนของแอร์ระบายความร้อนด้วยอากาศ
可靠性高,kě kào xìng gāo,High Reliability,ความน่าเชื่อถือสูง
湿度,shī dù,Humidity,ความชื้น
等湿降温,děng shī jiàng wēn,"Isohumidity Cooling (Constant Moisture, Decreasing Temperature)",การลดอุณหภูมิแบบความชื้นคงที่ (isohumidity cooling)
小风量，大焓差,"xiǎo fēng liàng, dà xiāo chà","Low Airflow, Large Enthalpy Difference",ปริมาณลมน้อย แต่ผลต่าง enthalpy สูง
含湿量,hán shī liàng,Moisture Content (Absolute Humidity),ปริมาณความชื้นสัมบูรณ์ (moisture content)
多种送风方式,duō zhǒng sòng fēng fāng shì,Multiple Air Supply Methods,รูปแบบการจ่ายลมได้หลายแบบ
NetCol5000-A/C 行级精密空调,NetCol5000-A/C háng jí jīng mì kōng tiáo,NetCol5000-A/C Row-Level Precision Air Conditioner,NetCol5000-A/C เครื่องปรับอากาศแบบแม่นยำระดับแถวตู้แร็ค
NetCol8000-A/C 房间级精密空调,NetCol8000-A/C fáng jiān jí jīng mì kōng tiáo,NetCol8000-A/C Room-Level Precision Air Conditioner,NetCol8000-A/C เครื่องปรับอากาศแบบแม่นยำระดับห้อง
NetCol8000-E 间接蒸发冷却系统,NetCol8000-E jiàn jiē zhēng fā lěng què xì tǒng,NetCol8000-E Indirect Evaporative Cooling System,NetCol8000-E ระบบทำความเย็นแบบระเหยทางอ้อม
室外机,shì wài jī,Outdoor Unit,ยูนิตภายนอก (outdoor unit)
房间级冷冻水空调,fáng jiān jí lěng dòng shuǐ kōng tiáo,Room-Level Chilled Water Air Conditioner,เครื่องปรับอากาศระบบ chilled water แบบ room-level
行级空调,háng jí kōng tiáo,Row-Level Air Conditioner,เครื่องปรับอากาศแบบ row-level (ติดตั้งตามแถวตู้ rack)
行级近端制冷,háng jí jìn duān zhì lěng,Row-Level Close-Coupled Cooling,ระบบทำความเย็นแบบ close-coupled ระดับแถวตู้แร็ค
温度,wēn dù,Temperature,อุณหภูมิ
水冷冷凝器,shuǐ lěng lěng níng qì,Water-Cooled Condenser,คอนเดนเซอร์ระบายความร้อนด้วยน้ำ
全年制冷,quán nián zhì lěng,Year-Round Cooling Capability,ความสามารถทำความเย็นได้ตลอดทั้งปี
机柜承重能力,jī guì chéng zhòng néng lì,Cabinet Load-Bearing Capacity,ความสามารถในการรับน้ำหนักของตู้แร็ค
机柜选型性能因素,jī guì xuǎn xíng xìng néng yīn sù,Data Center Cabinet/Rack Selection Criteria,เกณฑ์การเลือกตู้แร็ค (rack) ดาต้าเซ็นเตอร์
火灾报警控制器,huǒ zāi bào jǐng kòng zhì qì,Fire Alarm Controller,ตัวควบคุมสัญญาณเตือนไฟไหม้
金属网状屏蔽机房,jīn shǔ wǎng zhuàng píng bì jī fáng,Metal Mesh Shielded Room,ห้องป้องกันคลื่นแบบตาข่ายโลหะ
金属板式屏蔽机房,jīn shǔ bǎn shì píng bì jī fáng,Metal Plate Shielded Room,ห้องป้องกันคลื่นแบบแผ่นโลหะ
人员出入记录功能,rén yuán chū rù jì lù gōng néng,Personnel Access Record Function,ฟังก์ชันบันทึกการเข้าออกของบุคลากร
屏蔽机柜,píng bì jī guì,Shielded Cabinet,ตู้แร็คแบบป้องกันคลื่นแม่เหล็กไฟฟ้า
屏蔽系统,píng bì xì tǒng,Shielding System,ระบบป้องกันคลื่นแม่เหล็กไฟฟ้า (shielding system)
感烟探测器,gǎn yān tàn cè qì,Smoke Detector (Sensor),เซนเซอร์ตรวจจับควัน
声光报警器,shēng guāng bào jǐng qì,Sound and Light Alarm Device,อุปกรณ์แจ้งเตือนด้วยเสียงและแสง
极早期火灾报警探测器,jí zǎo qī huǒ zāi bào jǐng tàn cè qì,Very Early Smoke Detection Apparatus (VESDA),เครื่องตรวจจับควันขั้นแรกสุด (VESDA)
视频监控子系统（摄像机、NVR、DVR）,shì pín jiān kòng zǐ xì tǒng,"Video Monitoring Subsystem (Camera, NVR, DVR)","ระบบย่อยกล้องวงจรปิด (กล้อง, NVR, DVR)"
以太网最大传输速率（FE）,yǐ tài wǎng zuì dà chuán shū sù lǜ (FE),Fast Ethernet (FE) Maximum Transmission Rate (100 Mbps),อัตราส่งข้อมูลสูงสุดของ Fast Ethernet (100 Mbps)
灵活性、开放性、兼容性、可靠性,"líng huó xìng, kāi fàng xìng, jiān róng xìng, kě kào xìng","Flexibility, Openness, Compatibility, Reliability",ความยืดหยุ่น ความเปิดกว้าง ความเข้ากันได้ ความน่าเชื่อถือ
楼宇内部或楼宇间的信息传输通道,lóu yǔ nèi bù huò lóu yǔ jiān de xìn xī chuán shū tōng dào,Information Transmission Channel Within or Between Buildings,ช่องทางส่งข้อมูลภายในหรือระหว่างอาคาร
综合布线系统,zōng hé bù xiàn xì tǒng,Structured Cabling System,ระบบสายเคเบิลแบบมีโครงสร้าง (structured cabling system)
下走线,xià zǒu xiàn,Under-floor Cable Routing,การเดินสายใต้พื้นยก
通信接口类型,tōng xìn jiē kǒu lèi xíng,Communication Interface Types (RS232/RS485/Ethernet),ประเภทของอินเทอร์เฟซสื่อสาร (RS232/RS485/Ethernet)
动环监控系统,dòng huán jiān kòng xì tǒng,Dynamic Environment Monitoring System (DEMS),ระบบ Dynamic Environment Monitoring (DEMS)
能耗数据分析,néng hào shù jù fēn xī,Energy Consumption Data Analysis,การวิเคราะห์ข้อมูลการใช้พลังงาน
设备告警信息通知,shè bèi gào jǐng xìn xī tōng zhī,Equipment Alarm Information Notification (to users),การแจ้งเตือนข้อมูล alarm ของอุปกรณ์ให้ผู้ใช้ทราบ
设备运行参数显示,shè bèi yùn xíng cān shù xiǎn shì,Equipment Running Parameter Display,การแสดงค่าพารามิเตอร์การทำงานของอุปกรณ์
设备运行状态监控,shè bèi yùn xíng zhuàng tài jiān kòng,Equipment Running Status Monitoring,การตรวจสอบสถานะการทำงานของอุปกรณ์
快速以太网,kuài sù yǐ tài wǎng,Fast Ethernet (FE),Fast Ethernet (FE)
监控系统分级部署,jiān kòng xì tǒng fēn jí bù shǔ,Hierarchical (Tiered) Deployment of Monitoring System,การติดตั้งระบบมอนิเตอร์แบบแบ่งลำดับชั้น (hierarchical deployment)
综合管理服务器与冗余热备服务器,zōng hé guǎn lǐ fú wù qì yǔ róng yú rè bèi fú wù qì,Integrated Management Server and Redundant Hot-Standby Server,เซิร์ฟเวอร์บริหารจัดการรวม และเซิร์ฟเวอร์สำรองแบบ hot-standby
多级架构,duō jí jià gòu,Multi-tier (Multi-level) Architecture,สถาปัตยกรรมแบบหลายระดับชั้น (multi-tier)
NetEco6000管理系统,NetEco6000 guǎn lǐ xì tǒng,NetEco6000 Management System,ระบบบริหารจัดการ NetEco6000
RS232接口,RS232 jiē kǒu,RS232 interface,อินเทอร์เฟซ RS232
RS422接口,RS422 jiē kǒu,RS422 interface,อินเทอร์เฟซ RS422
RS485通信协议,RS485 tōng xìn xié yì,RS485 Communication Protocol,โปรโตคอลสื่อสาร RS485
RS485接口,RS485 jiē kǒu,RS485 interface,อินเทอร์เฟซ RS485
RS485最大通信距离,RS485 zuì dà tōng xìn jù lí,RS485 Maximum Communication Distance (1200 m),ระยะสื่อสารสูงสุดของ RS485 (1200 เมตร)
服务器存储容量,fú wù qì cún chǔ róng liàng,Server Storage Capacity,ความจุในการจัดเก็บข้อมูลของเซิร์ฟเวอร์
SNMP V1,SNMP V yī,SNMP V1,SNMP V1
SNMP V2,SNMP V èr,SNMP V2,SNMP V2
SNMP V3,SNMP V sān,SNMP V3,SNMP V3
南向接口,nán xiàng jiē kǒu,Southbound interface,อินเทอร์เฟซ Southbound
空间容量,kōng jiān róng liàng,Space Capacity,ความจุพื้นที่ (space capacity)
SPC容量管理,SPC róng liàng guǎn lǐ,"SPC (Space, Power, Cooling) Infrastructure Capacity Management",การจัดการความจุโครงสร้างพื้นฐานแบบ SPC (พื้นที่ ไฟฟ้า ความเย็น)
温度云图,wēn dù yún tú,Temperature Cloud Map,แผนที่ความร้อน/อุณหภูมิแบบ cloud map
二级架构,èr jí jià gòu,Two-tier (Second-level) Architecture,สถาปัตยกรรมสองระดับชั้น (two-tier)
冷负荷因数（CLF）与电力负荷因数（PLF）,lěng fù hè yīn shù yǔ diàn lì fù hè yīn shù,Cooling Load Factor (CLF) and Power Load Factor (PLF),ตัวประกอบภาระโหลดความเย็น (CLF) และตัวประกอบภาระโหลดไฟฟ้า (PLF)
数据中心能效指标,shù jù zhōng xīn néng xiào zhǐ biāo,Data Center Energy Efficiency Indicator (PUE),ตัวชี้วัดประสิทธิภาพพลังงานดาต้าเซ็นเตอร์ (PUE)
绿色环保趋势,lǜ sè huán bǎo qū shì,Green and Environmentally Friendly Trend,แนวโน้มการประหยัดพลังงานและเป็นมิตรต่อสิ่งแวดล้อม
IT设备能效（ITEE）,IT shè bèi néng xiào,IT Equipment Energy Efficiency for Servers (ITEE),ประสิทธิภาพพลังงานของอุปกรณ์ IT สำหรับเซิร์ฟเวอร์ (ITEE)
IT设备利用率（ITEU_SV）,IT shè bèi lì yòng lǜ,IT Equipment Utilization for Servers (ITEU_SV),อัตราการใช้งานอุปกรณ์ IT สำหรับเซิร์ฟเวอร์ (ITEU_SV)
可再生能源效率系数（REF）,kě zài shēng néng yuán xiào lǜ xì shù,Renewable Energy Factor (REF),ค่าสัมประสิทธิ์ประสิทธิภาพพลังงานหมุนเวียน (REF)
水资源利用效率（WUE）,shuǐ zī yuán lì yòng xiào lǜ,Water Usage Effectiveness (WUE),ประสิทธิภาพการใช้น้ำ (WUE)
乙炔最高工作压力0.147MPa,yǐ quē zuì gāo gōng zuò yā lì líng diǎn yī sì qī zhào pà,Acetylene Maximum Working Pressure Limit (0.147 MPa),แรงดันใช้งานสูงสุดของแก๊สอะเซทิลีนต้องไม่เกิน 0.147 MPa
我国安全工频电压限值（交流50V/直流120V，潮湿环境交流25V/直流60V）,wǒ guó ān quán gōng pín diàn yā xiàn zhí,China Safe Power-Frequency Voltage Limits (AC 50V / DC 120V; wet environment AC 25V / DC 60V),"ค่าจำกัดแรงดันไฟฟ้าปลอดภัยความถี่ไฟฟ้าของจีน (AC 50V/DC 120V ปกติ, AC 25V/DC 60V ในที่ชื้น)"
用电设备安全规范,yòng diàn shè bèi ān quán guī fàn,Electrical Equipment Safety Rules,กฎความปลอดภัยอุปกรณ์ไฟฟ้า
搬运/装卸风险,bān yùn / zhuāng xiè fēng xiǎn,Handling/Transportation Risk,ความเสี่ยงจากการขนย้าย/ยกของ
海因里希法则事故比例,hǎi yīn lǐ xī fǎ zé shì gù bǐ lì,Heinrich's Law Accident Ratio (1:29:300),อัตราส่วนอุบัติเหตุตามกฎของไฮน์ริช (1:29:300)
接触电压限值50V（IEC）,jiē chù diàn yā xiàn zhí wǔshí fú,"IEC Touch Voltage Limit (50V, 25V in no-protection threshold)",ค่าจำกัดแรงดันไฟฟ้าสัมผัสตาม IEC คือ 50V (ต่ำกว่า 25V ไม่ต้องมีมาตรการป้องกันไฟดูด)
工频电压额定安全电压值（42V/36V/24V/12V/6V）,gōng pín diàn yā é dìng ān quán diàn yā zhí,Rated Safety Voltage Levels by Scenario (42V/36V/24V/12V/6V),ระดับแรงดันไฟฟ้าปลอดภัยตามสถานการณ์การใช้งาน (42V/36V/24V/12V/6V)
气焊作业禁止风力大于6级,qì hàn zuò yè jìn zhǐ fēng lì dà yú liù jí,Stop Outdoor Gas Welding When Wind Force Exceeds Level 6,ต้องหยุดงานเชื่อมแก๊สกลางแจ้งเมื่อความแรงลมเกินระดับ 6
电焊机绝缘电阻自检不低于0.5兆欧,diàn hàn jī jué yuán diàn zǔ zì jiǎn bù dī yú líng diǎn wǔ zhào ōu,Welding Machine Insulation Resistance Self-Check (≥0.5 MΩ),ค่าความต้านทานฉนวนของเครื่องเชื่อมไฟฟ้าต้องไม่ต่ำกว่า 0.5 เมกะโอห์ม (ตรวจสอบด้วยตนเองก่อนใช้งาน)
云数据中心,yún shù jù zhōng xīn,Cloud Data Center,คลาวด์ดาต้าเซ็นเตอร์ (cloud data center)
数据中心设计规范（GB 50174-2017）A/B/C级,shù jù zhōng xīn shè jì guī fàn A/B/C jí,Code for Design of Data Centers (GB 50174-2017) - Class A/B/C,มาตรฐานออกแบบดาต้าเซ็นเตอร์จีน (GB 50174-2017) ระดับ A/B/C
数据中心基础设施八大子系统,shù jù zhōng xīn jī chǔ shè shī bā dà zǐ xì tǒng,Eight Subsystems of Data Center Infrastructure,8 ระบบย่อยของโครงสร้างพื้นฐานดาต้าเซ็นเตอร์
互联网数据中心工程技术规范（GB 51195-2016）R1/R2/R3,hù lián wǎng shù jù zhōng xīn gōng chéng jì shù guī fàn R1/R2/R3,Engineering Technical Code for Internet Data Center (GB 51195-2016) - R1/R2/R3,มาตรฐานวิศวกรรม IDC จีน (GB 51195-2016) ระดับ R1/R2/R3
FusionDC1000A 小型室外预制一体化数据中心,FusionDC1000A xiǎo xíng shì wài yù zhì yī tǐ huà shù jù zhōng xīn,FusionDC1000A Small Outdoor Prefabricated Integrated Data Center,FusionDC1000A ดาต้าเซ็นเตอร์สำเร็จรูปติดตั้งกลางแจ้งขนาดเล็ก
FusionDC1000B 中大型室外预制模块化数据中心,FusionDC1000B zhōng dà xíng shì wài yù zhì mó kuài huà shù jù zhōng xīn,FusionDC1000B Medium-to-Large Outdoor Prefabricated Modular Data Center,FusionDC1000B ดาต้าเซ็นเตอร์โมดูลาร์สำเร็จรูปกลางแจ้งขนาดกลาง-ใหญ่
FusionModule2000 中小型数据中心,FusionModule2000 zhōng xiǎo xíng shù jù zhōng xīn,FusionModule2000 Small-to-Medium Data Center,FusionModule2000 ดาต้าเซ็นเตอร์ขนาดกลาง-เล็ก
FusionModule500 微型数据中心,FusionModule500 wēi xíng shù jù zhōng xīn,FusionModule500 Micro Data Center,FusionModule500 ไมโครดาต้าเซ็นเตอร์
FusionModule5000 中大型数据中心,FusionModule5000 zhōng dà xíng shù jù zhōng xīn,FusionModule5000 Medium-to-Large Data Center,FusionModule5000 ดาต้าเซ็นเตอร์ขนาดกลาง-ใหญ่
FusionModule800 小型数据中心,FusionModule800 xiǎo xíng shù jù zhōng xīn,FusionModule800 Small Data Center,FusionModule800 ดาต้าเซ็นเตอร์ขนาดเล็ก
数据中心设计规范（国标）,shù jù zhōng xīn shè jì guī fàn (guó biāo),GB50174-2017 (Chinese Data Center Design Code),มาตรฐานออกแบบดาต้าเซ็นเตอร์จีน GB50174-2017
玻璃隔断,bō li gé duàn,Glass Partition,ผนังกั้นกระจก
ISO/IEC 30134系列标准,ISO/IEC 30134 xì liè biāo zhǔn,ISO/IEC 30134 Series Standards,มาตรฐานชุด ISO/IEC 30134
模块化数据中心,mó kuài huà shù jù zhōng xīn,Modular Data Center,ดาต้าเซ็นเตอร์แบบโมดูลาร์ (modular)
TIA-942标准,TIA-942 biāo zhǔn,TIA-942 Telecommunications Infrastructure Standard for Data Centers,มาตรฐาน TIA-942
Tier I 基本数据中心基础设施,Tier I jī běn shù jù zhōng xīn jī chǔ shè shī,Tier I: Basic Data Center Site Infrastructure,Tier I: โครงสร้างพื้นฐานดาต้าเซ็นเตอร์แบบพื้นฐาน
Tier II 冗余的机房基础设施容量组件,Tier II róng yú de jī fáng jī chǔ shè shī róng liàng zǔ jiàn,Tier II: Redundant Site Infrastructure Capacity Components,Tier II: โครงสร้างพื้นฐานที่มีส่วนประกอบสำรอง (redundant)
Tier III 可并行维护的机房基础设施,Tier III kě bìng xíng wéi hù de jī fáng jī chǔ shè shī,Tier III: Concurrently Maintainable Site Infrastructure,Tier III: โครงสร้างพื้นฐานที่บำรุงรักษาได้พร้อมกันโดยไม่หยุดระบบ
Tier IV 容错机房基础设施,Tier IV róng cuò jī fáng jī chǔ shè shī,Tier IV: Fault Tolerant Site Infrastructure,Tier IV: โครงสร้างพื้นฐานแบบทนต่อความผิดพลาด (fault tolerant)
Uptime Tier标准,Uptime Tier biāo zhǔn,Uptime Institute Tier Standard,มาตรฐาน Uptime Tier
欧盟EN 50600系列标准,Ōuméng EN 50600 Xìliè Biāozhǔn,EU EN 50600 Series Standards,มาตรฐานยุโรป EN 50600
日本JDCC FS-001标准,Rìběn JDCC FS-001 Biāozhǔn,Japan JDCC FS-001 Standard,มาตรฐานญี่ปุ่น JDCC FS-001
IDC工程技术规范GB51195-2016,IDC Gōngchéng Jìshù Guīfàn GB51195-2016,IDC Engineering Technical Spec (GB51195-2016),ข้อกำหนดทางเทคนิควิศวกรรม IDC (GB51195-2016)
GB50174 A级(容错),GB50174 A Jí (Róngcuò),GB50174 Grade A (Fault-tolerant),GB50174 เกรด A (Fault-tolerant ทนความผิดพลาดได้)
GB50174 B级(冗余),GB50174 B Jí (Rǒngyú),GB50174 Grade B (Redundant),GB50174 เกรด B (มีระบบสำรอง Redundant)
GB50174 C级(基本),GB50174 C Jí (Jīběn),GB50174 Grade C (Basic),GB50174 เกรด C (มาตรฐานพื้นฐาน)
铅酸电池发明(1859年),Qiānsuān Diànchí Fāmíng (1859 Nián),Lead-Acid Battery Invented (1859),แบตเตอรี่ตะกั่วกรดถูกคิดค้นปี 1859
VRLA电池专利申请(1975年),VRLA Diànchí Zhuānlì Shēnqǐng (1975 Nián),VRLA Battery Patent Filed (1975),จดสิทธิบัตรแบตเตอรี่ VRLA ปี 1975
首款锂电池发布(1991年),Shǒukuǎn Lǐdiànchí Fābù (1991 Nián),First Lithium-Ion Battery Released (1991),แบตเตอรี่ลิเธียมไอออนรุ่นแรกเปิดตัวปี 1991
开利(Carrier)设计首套科学空调系统(1902年),Kǎilì (Carrier) Shèjì Shǒutào Kēxué Kōngtiáo Xìtǒng (1902 Nián),Carrier Designed First Scientific Air Conditioning System (1902),Carrier ออกแบบระบบแอร์เชิงวิทยาศาสตร์ระบบแรกปี 1902
开利(Carrier)发明首台离心式冷机(1922年),Kǎilì (Carrier) Fāmíng Shǒutái Líxīnshì Lěngjīzǔ (1922 Nián),Carrier Invented First Centrifugal Chiller (1922),Carrier คิดค้นเครื่องทำน้ำเย็นแบบเซนตริฟิวกัลเครื่องแรกปี 1922
浮充寿命对比(锂电池15年 vs 铅酸电池7年),Fúchōng Shòumìng Duìbǐ (Lǐdiànchí 15 Nián vs Qiānsuān 7 Nián),Float Life Comparison (Li-ion 15yr vs Lead-acid 7yr),อายุการใช้งานแบบ Float ลิเธียมไอออน 15 ปี เทียบตะกั่วกรด 7 ปี
能量密度对比(锂电池:铅酸=3:1),Néngliàng Mìdù Duìbǐ (Lǐdiànchí : Qiānsuān = 3:1),Energy Density Comparison (Li-ion:Lead-acid = 3:1),ความหนาแน่นพลังงาน ลิเธียมไอออนต่อตะกั่วกรด เท่ากับ 3 ต่อ 1
过滤器等级对比表(中国/美国/欧洲),Guòlǜqì Děngjí Duìbǐ Biǎo (Zhōngguó/Měiguó/Ōuzhōu),Filter Level Comparison Table (China/USA/Europe standards),ตารางเปรียบเทียบระดับฟิลเตอร์ (จีน สหรัฐฯ ยุโรป)
可感知电流(0.7-1.1毫安),Kě Gǎnzhī Diànliú (0.7-1.1 mA),Perceptible Current (0.7-1.1 mA),กระแสไฟฟ้าที่เริ่มรับรู้ได้ (0.7-1.1 มิลลิแอมป์)
安全电压标准(IEC 50V),Ānquán Diànyā Biāozhǔn (IEC 50V),Safety Voltage Standard (IEC 50V),มาตรฐานแรงดันไฟฟ้าปลอดภัย (IEC 50V)
"一级供电(年断电<=12次, 每次<=0.5小时)","Yī Jí Gōngdiàn (Niánduàndiàn <=12 Cì, Měicì <=0.5 Xiǎoshí)","Class 1 Power Supply Reliability (<=12 outages/yr, <=0.5h/outage)",ไฟฟ้าเกรด 1 (ไฟดับไม่เกิน 12 ครั้งต่อปี ครั้งละไม่เกิน 0.5 ชม.)
"二级供电(年断电<=42次, 每次<=6小时)","Èr Jí Gōngdiàn (Niánduàndiàn <=42 Cì, Měicì <=6 Xiǎoshí)","Class 2 Power Supply Reliability (<=42 outages/yr, <=6h/outage)",ไฟฟ้าเกรด 2 (ไฟดับไม่เกิน 42 ครั้งต่อปี ครั้งละไม่เกิน 6 ชม.)
"三级供电(年断电<=54次, 每次<=8小时)","Sān Jí Gōngdiàn (Niánduàndiàn <=54 Cì, Měicì <=8 Xiǎoshí)","Class 3 Power Supply Reliability (<=54 outages/yr, <=8h/outage)",ไฟฟ้าเกรด 3 (ไฟดับไม่เกิน 54 ครั้งต่อปี ครั้งละไม่เกิน 8 ชม.)
四级供电(季节性长时间停电/无市电),Sì Jí Gōngdiàn (Jìjié Xìng Chángshí Tíngdiàn Wú Shìdiàn),Class 4 Power Supply Reliability (seasonal long outages/no mains),ไฟฟ้าเกรด 4 (ไฟดับตามฤดูกาลเป็นเวลานาน หรือไม่มีไฟจากสายส่ง)
空气断路器ACB(200-6300A),Kōngqì Duàn Lù Qì ACB (200-6300A),ACB - Air Circuit Breaker (200-6300A),เซอร์กิตเบรกเกอร์แบบอากาศ ACB (200-6300 แอมป์)
塑壳断路器MCCB(40-630A),Sùxíng Ké Duàn Lù Qì MCCB (40-630A),MCCB - Molded Case Circuit Breaker (40-630A),เซอร์กิตเบรกเกอร์แบบเคสหล่อ MCCB (40-630 แอมป์)
小型断路器MCB(1-100A),Xiǎoxíng Duàn Lù Qì MCB (1-100A),MCB - Miniature Circuit Breaker (1-100A),เซอร์กิตเบรกเกอร์ขนาดเล็ก MCB (1-100 แอมป์)
静态转换开关STS(转换时间<=8毫秒),Jìngtài Zhuǎnhuàn Kāiguān STS (Zhuǎnhuàn Shíjiān <=8ms),STS - Static Transfer Switch (switch time <=8ms),สวิตช์เปลี่ยนถ่ายไฟฟ้าแบบสถิต STS (เวลาสลับ <=8 มิลลิวินาที)
自动转换开关ATS(转换时间>=100毫秒),Zìdòng Zhuǎnhuàn Kāiguān ATS (Zhuǎnhuàn Shíjiān >=100ms),ATS - Automatic Transfer Switch (switch time >=100ms),สวิตช์เปลี่ยนถ่ายไฟฟ้าอัตโนมัติ ATS (เวลาสลับ >=100 มิลลิวินาที)
UPS参数-输出功率因数(0.7-1),UPS Cānshù - Shūchū Gōnglǜ Yīnshù (0.7-1),UPS Parameter - Output Power Factor (0.7-1),พารามิเตอร์ UPS Power Factor ขาออก (0.7-1)
UPS5000-E一体化(50-125kVA),UPS5000-E Yītǐhuà (50-125kVA),UPS5000-E Integrated (50-125kVA),UPS5000-E แบบรวมตัว (50-125 กิโลโวลต์แอมป์)
UPS2000-G(1-20kVA),UPS2000-G (1-20kVA),UPS2000-G (1-20kVA),UPS2000-G (1-20 กิโลโวลต์แอมป์)
UPS场景-大型IDC(>=300kW),UPS Chǎngjǐng - Dàxíng IDC (>=300kW),UPS Scenario - Large IDC (>=300kW),สถานการณ์ใช้งาน UPS แบบ IDC ขนาดใหญ่ (>=300 กิโลวัตต์)
UPS场景-核心机房(60-200kW),UPS Chǎngjǐng - Héxīn Jīfáng (60-200kW),UPS Scenario - Core Equipment Room (60-200kW),สถานการณ์ใช้งาน UPS ห้องอุปกรณ์หลัก (60-200 กิโลวัตต์)
列间级精密空调等级(11-65kW),Lièjiān Jí Jīngmì Kōngtiáo Děngjí (11-65 kW),In-Row Precision Air Conditioner Tier (11-65 kW),เครื่องปรับอากาศแม่นยำระดับแถว (11-65 กิโลวัตต์)
房间级精密空调等级(45-260kW),Fángjiān Jí Jīngmì Kōngtiáo Děngjí (45-260 kW),In-Room Precision Air Conditioner Tier (45-260 kW),เครื่องปรับอากาศแม่นยำระดับห้อง (45-260 กิโลวัตต์)
间接蒸发冷却空调等级(220kW),Jiàn Jiē Zhēngfā Lěngquè Kōngtiáo Děngjí (220 kW),Indirect Evaporative Cooling Air Conditioner Tier (220 kW),เครื่องปรับอากาศระบบระเหยทางอ้อม (220 กิโลวัตต์)
GB50174-2017机房环境要求(按等级分温湿度),GB50174-2017 Jīfáng Huánjìng Yāoqiú (Àn Děngjí Fēn Wēnshī Dù),GB50174-2017 DC Environment Requirements (temp/humidity by grade),ข้อกำหนดสภาพแวดล้อมศูนย์ข้อมูล GB50174-2017 (อุณหภูมิ ความชื้น ตามเกรด)
"风冷直膨型详情(R410A/R407C/R22, <500kW)","Fēngléng Zhípéng Xíng Xiángqíng (R410A R407C R22, <500kW)","Air-Cooled Direct Expansion Detail (R410A/R407C/R22, <500kW)",รายละเอียดระบบขยายตัวโดยตรงระบายความร้อนด้วยอากาศ (R410A R407C R22 ต่ำกว่า 500 กิโลวัตต์)
-48V输出电压原理 (正极接地),-48V shū chū diàn yā yuán lǐ,-48V Output Voltage Rationale (positive-ground),หลักการแรงดันเอาต์พุต -48V (บวกต่อกราวด์)
6-GFM-100（命名示例）,6-GFM-100 (mìngmíng shìlì),6-GFM-100 (Naming Example),ตัวอย่างการตั้งชื่อรุ่นแบตเตอรี่ 6-GFM-100
6-Q-150（命名示例）,6-Q-150 (mìngmíng shìlì),6-Q-150 (Naming Example),ตัวอย่างการตั้งชื่อรุ่นแบตเตอรี่ 6-Q-150
实际容量,shíjì róngliàng,Actual Capacity,ความจุจริง (actual capacity)
AGM (吸附式玻璃纤维隔板) 电池,AGM diàn chí,AGM (Absorbed Glass Mat) Battery,แบตเตอรี่ AGM (Absorbed Glass Mat)
电池槽与电池盖（跨接槽）,diànchí cáo yǔ diànchí gài (kuàjiē cáo),Battery Container and Cover (Chute),ภาชนะและฝาแบตเตอรี่ (chute)
电池断电保护,diàn chí duàn diàn bǎo hù,Battery Disconnection Protection,การป้องกันด้วยการตัดวงจรแบตเตอรี่
电池负极板（铅）,diànchí fùjíbǎn (qiān),Battery Negative Plate (Pb),แผ่นขั้วลบแบตเตอรี่ (ตะกั่ว Pb)
恒流恒压两阶段充电法 (CC-CV),héngliú héngyā liǎng jiēduàn chōngdiàn fǎ,CC-CV Two-Stage Charging Method,วิธีชาร์จสองขั้นตอนแบบ CC-CV (กระแสคงที่-แรงดันคงที่)
直击雷,zhíjī léi,Direct Lightning Strike,ฟ้าผ่าโดยตรง (direct lightning strike)
放电率（如C10）,fàngdiàn lǜ (rú C10),Discharge Rate (e.g. C10),อัตราการคายประจุ เช่น C10
双硫酸盐化理论 (铅酸电池主反应),shuāng liú suān yán huà lǐ lùn,Double Sulfate Theory (Lead-acid Main Reaction),ทฤษฎีซัลเฟตคู่ (ปฏิกิริยาหลักของแบตเตอรี่ตะกั่วกรด)
双硫酸盐化理论（铅酸反应）,shuāng liúsuānyán huà lǐlùn (qiānsuān fǎnyìng),Double-Sulphate Theory (Lead-Acid Reaction),ทฤษฎีการเกิดซัลเฟตสองขั้ว (double-sulphate theory) ของปฏิกิริยาแบตเตอรี่ตะกั่วกรด
配电保护单元 (DPT),pèi diàn bǎo hù dān yuán,DPT (Distribution/Protection Component),หน่วยจ่ายไฟและป้องกัน (DPT)
应急柜,yìng jí guì,Emergency Cabinet,ตู้ฉุกเฉิน (emergency cabinet)
放电终止电压,fàngdiàn zhōngzhǐ diànyā,End-of-Discharge (EOD) Voltage,แรงดันไฟฟ้า ณ จุดสิ้นสุดการคายประจุ (EOD voltage)
企业机房,qǐ yè jī fáng,Enterprise Computer Room (UPS application scenario),ห้องเซิร์ฟเวอร์ขององค์กร (สถานการณ์ใช้งาน UPS)
放电终止电压 (EODV),fàng diàn zhōng zhǐ diàn yā,EODV (End of Discharge Voltage),แรงดันสิ้นสุดการคายประจุ (EODV)
均衡充电,jūnhéng chōngdiàn,Equalized Charging,การชาร์จแบบปรับสมดุล (equalizing charge)
工厂生产线,gōng chǎng shēng chǎn xiàn,Factory Production Line (UPS application scenario),สายการผลิตในโรงงาน (สถานการณ์ใช้งาน UPS)
浮充充电,fúchōng chōngdiàn,Float Charging,การชาร์จแบบลอย (float charge)
占地面积与承重能力对比,zhàndì miànjī yǔ chéngzhòng nénglì duìbǐ,Footprint and Bearing Capacity Comparison,การเปรียบเทียบพื้นที่ติดตั้งและความสามารถรับน้ำหนัก
FusionPower系列,FusionPower xìliè,FusionPower Series,ผลิตภัณฑ์ตระกูล FusionPower
FusionPower5000,FusionPower5000,FusionPower5000,ผลิตภัณฑ์ FusionPower5000 (ระบบไฟฟ้ารวม Huawei)
胶体电池发明（1957年）,jiāotǐ diànchí fāmíng (yījiǔwǔqī nián),Gel Battery Invented (1957),แบตเตอรี่เจล (gel battery) ถูกคิดค้นในปี 1957
GFM-1000（命名示例）,GFM-1000 (mìngmíng shìlì),GFM-1000 (Naming Example),ตัวอย่างการตั้งชื่อรุ่นแบตเตอรี่ GFM-1000
接地系统基本概念,jiē dì xì tǒng jī běn gài niàn,Grounding System Concept,แนวคิดพื้นฐานของระบบกราวด์
接地系统概述,jiē dì xì tǒng gài shù,Grounding System Overview,ภาพรวมระบบกราวด์ (grounding system)
华为FusionPower,Huáwéi FusionPower,Huawei FusionPower,ผลิตภัณฑ์ Huawei FusionPower (ระบบไฟฟ้ารวมศูนย์)
iBattery智能电池管理,iBattery zhì néng diàn chí guǎn lǐ,iBattery (Intelligent Battery Monitoring),ระบบตรวจสอบแบตเตอรี่อัจฉริยะ iBattery
IEC低压接地系统分类 (TN/TT/IT),IEC dī yā jiē dì xì tǒng fēn lèi,IEC Low-Voltage Grounding System Classification (TN/TT/IT),การจำแนกระบบกราวด์แรงดันต่ำตาม IEC (TN/TT/IT)
感应雷,gǎnyìng léi,Induction Lightning Strike,ฟ้าผ่าเหนี่ยวนำ (induction/indirect lightning strike)
大中型UPS5000-A解决方案,dà zhōng xíng UPS5000-A jiě jué fāng àn,L and M-sized UPS5000-A Solution,โซลูชัน UPS5000-A สำหรับขนาด L และ M
铅酸电池充放电电压曲线,qiān suān diàn chí chōng fàng diàn diàn yā qū xiàn,Lead-acid Charge/Discharge Voltage Curve,กราฟแรงดันไฟฟ้าขณะชาร์จ/คายประจุของแบตเตอรี่ตะกั่วกรด
铅酸电池副反应 (析氢/析氧),qiān suān diàn chí fù fǎn yìng,Lead-acid Side Reaction (H2/O2 evolution),ปฏิกิริยาข้างเคียงของแบตเตอรี่ตะกั่วกรด (การเกิดแก๊ส H2/O2)
磷酸铁锂材料商业化应用（2004年）,línsuān tiělǐ cáiliào shāngyèhuà yìngyòng (èrlínglíngsì nián),LFP Materials Commercial Application (2004),วัสดุ LFP (lithium iron phosphate) เริ่มใช้ในเชิงพาณิชย์ปี 2004
锂离子电池外壳,lǐ lízǐ diànchí wàiké,Li-ion Battery Shell,เปลือกภายนอกแบตเตอรี่ลิเทียมไอออน (battery shell)
锂离子电池正极结构,lǐ lízǐ diànchí zhèngjí jiégòu,Li-ion Positive Electrode Structure,โครงสร้างขั้วบวกแบตเตอรี่ลิเทียมไอออน
锂离子电池结构 - 外壳 (铝箔/钢壳/铝壳),lǐ lí zǐ diàn chí jié gòu - wài ké,Li-ion Structure - Case (Al foil/steel/Al shell),โครงสร้างแบตเตอรี่ลิเธียมไอออน - เปลือกนอก (ฟอยล์อะลูมิเนียม/เหล็ก/อะลูมิเนียม)
锂离子电池工作原理 (锂离子嵌入/脱嵌),lǐ lí zǐ diàn chí gōng zuò yuán lǐ,Li-ion Working Principle (Li+ intercalation/deintercalation),หลักการทำงานของแบตเตอรี่ลิเธียมไอออน (การแทรก/ถอนไอออนลิเธียม)
避雷针/接闪器,bìléizhēn / jiēshǎnqì,Lightning Arrester,สายล่อฟ้า/ตัวรับฟ้าผ่า (lightning arrester)
防雷/接地子系统,fáng léi / jiē dì zǐ xì tǒng,Lightning Protection/Grounding Subsystem,ระบบย่อยป้องกันฟ้าผ่าและสายดิน
钴酸锂 (LCO),gǔsuānlǐ,Lithium Cobalt Oxide (LCO),ลิเทียมโคบอลต์ออกไซด์ (LCO)
磷酸铁锂 (LFP),línsuān tiělǐ,Lithium Iron Phosphate (LFP),ลิเทียมไอรอนฟอสเฟต (LFP)
锰酸锂 (LMO),měngsuānlǐ,Lithium Manganese Oxide (LMO),ลิเทียมแมงกานีสออกไซด์ (LMO)
镍酸锂 (LNO),niésuānlǐ,Lithium Nickel Oxide (LNO),ลิเทียมนิกเกิลออกไซด์ (LNO)
聚合物锂电池推出（1994年）,jùhéwù lǐ diànchí tuīchū (yījiǔjiǔsì nián),Lithium Polymer Battery Launched (1994),แบตเตอรี่ลิเทียมโพลิเมอร์เปิดตัวในปี 1994
MCB脱扣特性B级 (3-5In),MCB tuō kòu tè xìng B jí,MCB Trip Characteristic B (3-5 In),คุณสมบัติการตัดวงจร MCB ชนิด B (3-5 เท่าของ In)
MCB脱扣特性C级 (5-10In，适用ICT负载),MCB tuō kòu tè xìng C jí,"MCB Trip Characteristic C (5-10 In, ICT loads)",คุณสมบัติการตัดวงจร MCB ชนิด C (5-10 เท่าของ In เหมาะกับโหลด ICT)
MCB脱扣特性D级 (10-20In),MCB tuō kòu tè xìng D jí,MCB Trip Characteristic D (10-20 In),คุณสมบัติการตัดวงจร MCB ชนิด D (10-20 เท่าของ In)
MCB脱扣特性K级 (8-15In),MCB tuō kòu tè xìng K jí,MCB Trip Characteristic K (8-15 In),คุณสมบัติการตัดวงจร MCB ชนิด K (8-15 เท่าของ In)
MCB脱扣特性Z级 (2-3In),MCB tuō kòu tè xìng Z jí,MCB Trip Characteristic Z (2-3 In),คุณสมบัติการตัดวงจร MCB ชนิด Z (2-3 เท่าของ In)
C型断路器脱扣特性,C xíng duàn lù qì tuō kòu tè xìng,MCB Tripping Characteristic C,คุณสมบัติการตัดวงจรของ MCB แบบ C
三元材料/镍钴铝酸锂 (NCM/NCA),sānyuán cáiliào,NCM/NCA (Lithium Nickel Manganese/Cobalt Aluminum Oxide),วัสดุสามธาตุ NCM/NCA (นิกเกิล-โคบอลต์-แมงกานีส/อะลูมิเนียม)
办公室,bàn gōng shì,Office (UPS application scenario),สำนักงาน (สถานการณ์ใช้งาน UPS)
开路电压,kāi lù diàn yā,Open Circuit Voltage,แรงดันไฟฟ้าวงจรเปิด (open circuit voltage)
PDU8000,PDU8000,"PDU8000 (Power Distribution Unit, not a Huawei UPS product)",PDU8000 (หน่วยจ่ายไฟ PDU ไม่ใช่ผลิตภัณฑ์ UPS ของ Huawei)
精密列头柜PDM,jīngmì liètóuguì PDM,Precision Row-Head Cabinet (PDM),ตู้ row head cabinet แบบ precision (PDM)
-48V负极性原因,fù sìshíbā fú fùjíxìng yuányīn,Reason for -48V Negative Polarity,เหตุผลที่ระบบไฟ DC โทรคมนาคมใช้ขั้วลบ -48V
整流器主要参数 (输入/输出),zhěng liú qì zhǔ yào cān shù,Rectifier Main Parameters (Input/Output),พารามิเตอร์หลักของเครื่องเรียงกระแส (อินพุต/เอาต์พุต)
整流模块,zhěng liú mó kuài,Rectifier Module,โมดูลเรียงกระแส (rectifier module)
贫液式电池,pínyèshì diànchí,Starved-Electrolyte Battery,แบตเตอรี่แบบอิเล็กโทรไลต์น้อย (starved-electrolyte battery)
电池型号代码D - 牵引型,diàn chí xíng hào dài mǎ D,Type Code D - Traction Use,รหัสประเภทแบตเตอรี่ D - ใช้ลากจูง
电池型号代码F - 阀控型,diàn chí xíng hào dài mǎ F,Type Code F - Valve Regulated,รหัสประเภทแบตเตอรี่ F - ชนิดควบคุมด้วยวาล์ว
电池型号代码G - 固定型,diàn chí xíng hào dài mǎ G,Type Code G - Fixed Type,รหัสประเภทแบตเตอรี่ G - แบบติดตั้งถาวร
电池型号代码Q - 起动型,diàn chí xíng hào dài mǎ Q,Type Code Q - Starting Use,รหัสประเภทแบตเตอรี่ Q - ใช้สตาร์ท
UPS2000系列全景图,UPS2000 xìliè quánjǐngtú,UPS2000 (Panorama/Overview),ภาพรวมผลิตภัณฑ์ตระกูล UPS2000
UPS2000-A/G系列,UPS2000-A/G xìliè,UPS2000-A/G Series,UPS ตระกูล UPS2000-A/G
UPS2000A,UPS2000A,UPS2000A (Huawei UPS product),UPS2000A (ผลิตภัณฑ์ UPS ของ Huawei)
UPS2000G,UPS2000G,UPS2000G (Huawei UPS product),UPS2000G (ผลิตภัณฑ์ UPS ของ Huawei)
UPS5000系列全景图,UPS5000 xìliè quánjǐngtú,UPS5000 (Panorama/Overview),ภาพรวมผลิตภัณฑ์ตระกูล UPS5000
UPS5000-A系列,UPS5000-A xìliè,UPS5000-A Series,UPS ตระกูล UPS5000-A
UPS5000-E/S系列,UPS5000-E/S xìliè,UPS5000-E/S Series,UPS ตระกูล UPS5000-E/S
UPS5000E,UPS5000E,UPS5000E (Huawei UPS product),UPS5000E (ผลิตภัณฑ์ UPS ของ Huawei)
空调风系统功能 (风机/风管/出风口/风阀),kōng tiáo fēng xì tǒng gōng néng,"AC Air System Function (fan, duct, outlet, damper)",หน้าที่ของระบบลมเครื่องปรับอากาศ (พัดลม ท่อลม ช่องลมออก แดมเปอร์)
空调按集中程度分类 (集中式/半集中式/分散式),kōng tiáo àn jí zhōng chéng dù fēn lèi,AC Classification by Centralization (Central/Semi/Distributed),การจำแนกเครื่องปรับอากาศตามระดับการรวมศูนย์ (รวมศูนย์/กึ่งรวมศูนย์/กระจาย)
空调按末端布局分类 (房间级/行级/机柜级),kōng tiáo àn mò duān bù jú fēn lèi,AC Classification by Terminal Layout (Room/Row/Rack),การจำแนกเครื่องปรับอากาศตามตำแหน่งติดตั้งปลายทาง (ห้อง/แถว/ตู้แร็ค)
空调按用途分类 (工艺性/舒适性),kōng tiáo àn yòng tú fēn lèi,AC Classification by Use (Process/Comfort),การจำแนกเครื่องปรับอากาศตามการใช้งาน (อุตสาหกรรม/เพื่อความสบาย)
精密空调相对舒适性空调的优点,jīng mì kōng tiáo xiāng duì shū shì xìng kōng tiáo de yōu diǎn,"Advantages of Precision AC over Comfort AC (large airflow, large enthalpy difference, high temp/humidity control precision)","ข้อดีของเครื่องปรับอากาศ precision เทียบกับเครื่องปรับอากาศทั่วไป (ลมแรง, ผลต่าง enthalpy สูง, ควบคุมอุณหภูมิ/ความชื้นแม่นยำสูง)"
空调发展历史,kōng tiáo fā zhǎn lì shǐ,Air Conditioning Development History,ประวัติการพัฒนาเครื่องปรับอากาศ
散流器,sànliúqì,Air Diffuser,หัวจ่ายลม (air diffuser)
空气压力术语 (静压/动压/全压),kōng qì yā lì shù yǔ,Air Pressure Term (Static/Dynamic/Total),คำศัพท์ความดันอากาศ (ความดันสถิต/พลศาสตร์/รวม)
背板热管空调,bèibǎn règuǎn kōngtiáo,Backplane Heat Pipe Air Conditioner,เครื่องปรับอากาศแบบท่อความร้อนติดผนังหลังตู้แร็ค (backplane heat pipe AC)
毛细管,máo xì guǎn,Capillary Tube,ท่อคาปิลลารี (capillary tube)
开利建立首个空调实验室（1901年）,Kāilì jiànlì shǒu gè kōngtiáo shíyànshì (yījiǔlíngyī nián),Carrier Established First AC Test Lab (1901),Carrier ก่อตั้งห้องปฏิบัติการทดสอบเครื่องปรับอากาศแห่งแรกในปี 1901
冷冻水空调循环 (冷水机+风机盘管),lěng dòng shuǐ kōng tiáo xún huán,Chilled-water AC Cycle (chiller + fan coil unit),วงจรระบบปรับอากาศแบบ chilled water (เครื่องทำน้ำเย็น + fan coil)
洁净度/空气颗粒物标准,jié jìng dù / kōng qì kē lì wù biāo zhǔn,Cleanliness/Air Particulate Standard,มาตรฐานความสะอาด/อนุภาคในอากาศ
粗效过滤器 (G3/G4),cū xiào guò lǜ qì,Coarse Filter (G3/G4),แผ่นกรองหยาบ (G3/G4)
舒适性空调,shūshìxìng kōngtiáo,Comfort Air Conditioner,เครื่องปรับอากาศเพื่อความสบาย (comfort air conditioner)
机房空调（CRAC）在中国出现（1980年）,jīfáng kōngtiáo zài Zhōngguó chūxiàn (yījiǔbālíng nián),CRAC Appeared in China (1980),CRAC (เครื่องปรับอากาศห้องคอมพิวเตอร์) เริ่มมีในจีนปี 1980
露点,lùdiǎn,Dew Point,จุดน้ำค้าง (dew point)
压差开关,yāchā kāiguān,Differential Pressure Switch,สวิตช์ตรวจจับความดันต่าง (differential pressure switch)
干蒸汽加湿器,gānzhēngqì jiāshīqì,Dry Steam Humidifier,เครื่องเพิ่มความชื้นแบบไอน้ำแห้ง (dry steam humidifier)
电极式加湿器,diànjí shì jiāshīqì,Electrode Humidifier,เครื่องเพิ่มความชื้นแบบอิเล็กโทรด (electrode humidifier)
过滤干燥器,guòlǜ gānzàoqì,Filter Dryer,ตัวกรองและดูดความชื้นสารทำความเย็น (filter dryer)
楼层功能分区,lóucéng gōngnéng fēnqū,Floor Functional Zone,โซนพื้นที่ตามฟังก์ชันของชั้นอาคาร
新风热交换段 (板式/转轮式),xīn fēng rè jiāo huàn duàn,Fresh Air Heat Exchange Section (plate/rotary),ส่วนแลกเปลี่ยนความร้อนของอากาศบริสุทธิ์ (แบบแผ่น/แบบล้อหมุน)
新风加热段,xīn fēng jiā rè duàn,Fresh Air Heating Section,ส่วนให้ความร้อนของอากาศบริสุทธิ์
新风加湿段,xīn fēng jiā shī duàn,Fresh Air Humidification Section,ส่วนเพิ่มความชื้นของอากาศบริสุทธิ์
新风预冷/除湿段,xīn fēng yù lěng / chú shī duàn,Fresh Air Pre-cooling/Dehumidification Section,ส่วนพรีคูล/ลดความชื้นของอากาศบริสุทธิ์
换热芯 (错流式),huàn rè xīn,"Heat Exchange Core (cross-flow, 换热芯)",แกนแลกเปลี่ยนความร้อนแบบไขว้ทิศทาง
换热芯体（错流式）,huànrè xīntǐ (cuòliúshì),Heat Exchanger Core (Cross-Flow),แกนแลกเปลี่ยนความร้อนแบบ cross-flow
热管空调,règuǎn kōngtiáo,Heat Pipe Air Conditioning,เครื่องปรับอากาศแบบท่อความร้อน (heat pipe air conditioning)
背板式热管空调,bèi bǎn shì rè guǎn kōng tiáo,Heat Pipe Backplane AC,เครื่องปรับอากาศแบบ heat pipe ติดผนังหลังตู้แร็ค
热回收装置,rè huíshōu zhuāngzhì,Heat Reclamation Device,อุปกรณ์นำความร้อนกลับมาใช้ใหม่ (heat reclamation/recovery)
显热量大,xiǎnrèliàng dà,High Sensible Heat Load,ภาระความร้อนสัมผัส (sensible heat) สูง
高压微雾加湿器,gāoyā wéiwù jiāshīqì,High-Pressure Micro-Mist Humidifier,เครื่องเพิ่มความชื้นแบบละอองไอน้ำแรงดันสูง (high-pressure micro-mist)
高压喷雾加湿器,gāo yā pēn wù jiā shī qì,High-pressure Spray Humidifier,เครื่องเพิ่มความชื้นแบบพ่นละอองแรงดันสูง
柜式空调（机柜内空调）,guìshì kōngtiáo (jīguì nèi kōngtiáo),In-Cabinet Air Conditioner,เครื่องปรับอากาศติดตั้งภายในตู้แร็ค (in-cabinet AC)
独立房间,dúlì fángjiān,"Independent Room (small, air-cooled, air-cooled-only tier)",ห้องแยกอิสระ (independent room)
间接接触式空气处理装置,jiànjiē jiēchù shì kōngqì chǔlǐ zhuāngzhì,Indirect-Contact Air Processing Device,อุปกรณ์ประมวลผลอากาศแบบสัมผัสทางอ้อม (indirect-contact)
间接接触式空气处理设备 (换热器),jiàn jiē jiē chù shì kōng qì chǔ lǐ shè bèi,Indirect-contact Air Treatment Equipment (heat exchangers),อุปกรณ์ปรับสภาพอากาศแบบสัมผัสทางอ้อม (heat exchanger)
工业空调,gōngyè kōngtiáo,Industrial Air Conditioner,เครื่องปรับอากาศอุตสาหกรรม (industrial air conditioner)
红外线加湿器,hóngwàixiàn jiāshīqì,Infrared Humidifier,เครื่องเพิ่มความชื้นแบบอินฟราเรด (infrared humidifier)
百叶窗（风口）,bǎiyèchuāng (fēngkǒu),Louver (Air Vent),ช่องลม/บานเกล็ด (louver)
潜热量小,qiánrèliàng xiǎo,Low Latent Heat Load,ภาระความร้อนแฝง (latent heat) ต่ำ
低温启动套件,dī wēn qǐ dòng tào jiàn,Low-Temperature Startup Kit,ชุดอุปกรณ์สตาร์ทเครื่องในสภาพอากาศเย็นจัด
中效过滤器 (F5-F8),zhōng xiào guò lǜ qì,Medium Filter (F5-F8),แผ่นกรองปานกลาง (F5-F8)
NetCol500-A026,NetCol500-A026,NetCol500-A026,รุ่น NetCol500-A026 (Huawei NetCol500)
NetCol500-A032,NetCol500-A032,NetCol500-A032,รุ่น NetCol500-A032 (Huawei NetCol500)
NetCol500-A036,NetCol500-A036,NetCol500-A036,รุ่น NetCol500-A036 (Huawei NetCol500)
NetCol500-A038,NetCol500-A038,NetCol500-A038,รุ่น NetCol500-A038 (Huawei NetCol500)
NetCol500-A072,NetCol500-A072,NetCol500-A072,รุ่น NetCol500-A072 (Huawei NetCol500)
NetCol500-A088,NetCol500-A088,NetCol500-A088,รุ่น NetCol500-A088 (Huawei NetCol500)
NetCol5000-A系列,NetCol5000-A xìliè,NetCol5000-A Series,ผลิตภัณฑ์ตระกูล NetCol5000-A
NetCol5000-A/C系列 行级精密空调(11-80kW),NetCol5000-A/C xì liè,"NetCol5000-A/C Series (Row-level precision AC, 11-80kW)",NetCol5000-A/C เครื่องปรับอากาศแม่นยำระดับแถว (11-80 กิโลวัตต์)
NetCol5000-A011,NetCol5000-A011,NetCol5000-A011,รุ่น NetCol5000-A011 (Huawei precision AC)
NetCol5000-A020,NetCol5000-A020,NetCol5000-A020,รุ่น NetCol5000-A020 (Huawei precision AC)
NetCol5000-A025,NetCol5000-A025,NetCol5000-A025,รุ่น NetCol5000-A025 (Huawei precision AC)
NetCol5000-A035,NetCol5000-A035,NetCol5000-A035,รุ่น NetCol5000-A035 (Huawei precision AC)
NetCol5000-A042,NetCol5000-A042,NetCol5000-A042,รุ่น NetCol5000-A042 (Huawei precision AC)
NetCol5000-A050,NetCol5000-A050,NetCol5000-A050,รุ่น NetCol5000-A050 (Huawei precision AC)
NetCol5000-C系列,NetCol5000-C xìliè,NetCol5000-C Series,ผลิตภัณฑ์ตระกูล NetCol5000-C
NetCol5000-C030,NetCol5000-C030,NetCol5000-C030,รุ่น NetCol5000-C030 (Huawei precision AC)
NetCol5000-C065,NetCol5000-C065,NetCol5000-C065,รุ่น NetCol5000-C065 (Huawei precision AC)
NetCol8000-A系列,NetCol8000-A xìliè,NetCol8000-A Series,ผลิตภัณฑ์ตระกูล NetCol8000-A
NetCol8000-A/C系列 房间级精密空调(50-253kW),NetCol8000-A/C xì liè,"NetCol8000-A/C Series (Room-level precision AC, 50-253kW)",NetCol8000-A/C เครื่องปรับอากาศแม่นยำระดับห้อง (50-253 กิโลวัตต์)
NetCol8000-C系列,NetCol8000-C xìliè,NetCol8000-C Series,ผลิตภัณฑ์ตระกูล NetCol8000-C
NetCol8000-E系列,NetCol8000-E xìliè,NetCol8000-E Series,ผลิตภัณฑ์ตระกูล NetCol8000-E (indirect evaporative)
NetCol8000-E220,NetCol8000-E220,NetCol8000-E220,รุ่น NetCol8000-E220
喷嘴（间接蒸发空调）,pēnzuǐ (jiànjiē zhēngfā kōngtiáo),Nozzle (Indirect Evaporative AC),หัวฉีด (nozzle) ในระบบ indirect evaporative cooling
其他出风口类型 (旋流/条缝/喷口),qí tā chū fēng kǒu lèi xíng,"Other Air Outlets (swirl, slot, nozzle)",ประเภทช่องลมออกแบบอื่นๆ (สวิงกิ้ง/ช่องเรียว/หัวฉีด)
其他风口（旋流、条形、喷口）,"qítā fēngkǒu (xuánliú, tiáoxíng, pēnkǒu)","Other Air Vents (Swirl, Striped, Nozzle)","ช่องลมชนิดอื่น (แบบหมุนวน, แบบแถบ, แบบหัวฉีด)"
预冷/除湿装置,yùlěng/chúshī zhuāngzhì,Pre-Cooling/Dehumidification Device,อุปกรณ์ลดอุณหภูมิ/ลดความชื้นล่วงหน้า (pre-cooling/dehumidification)
制冷循环,zhìlěng xúnhuán,Refrigeration Cycle,วัฏจักรการทำความเย็น (refrigeration cycle)
制冷除湿机,zhìlěng chúshījī,Refrigeration Dehumidifier,เครื่องลดความชื้นแบบใช้ระบบทำความเย็น (refrigeration dehumidifier)
转轮除湿机,zhuànlún chúshījī,Rotary Dehumidifier,เครื่องลดความชื้นแบบล้อหมุน (rotary dehumidifier)
显热比,xiǎnrèbǐ,Sensible Heat Ratio,"อัตราส่วนความร้อนสัมผัส (sensible heat ratio, SHR)"
减震管,jiǎnzhèn guǎn,Shock-Absorbing Pipe,ท่อดูดซับแรงสั่นสะเทือน (shock-absorbing pipe)
单风机NetCol500系列,dān fēngjī NetCol500 xìliè,Single-Fan NetCol500 Series,ผลิตภัณฑ์ตระกูล NetCol500 แบบพัดลมเดี่ยว
温湿度、洁净度要求严格,"wēnshīdù, jiéjìngdù yāoqiú yángé",Strict Temperature/Humidity/Cleanliness Requirements,ข้อกำหนดด้านอุณหภูมิ ความชื้น และความสะอาดที่เข้มงวด
表面式冷却器,biǎomiànshì lěngquèqì,Surface Air Cooler,เครื่องแลกเปลี่ยนความเย็นแบบผิวสัมผัส (surface air cooler)
表面式换热器 (加热器/冷却器),biǎo miàn shì huàn rè qì,Surface Heat Exchanger (Heater/Cooler),เครื่องแลกเปลี่ยนความร้อนแบบพื้นผิว (ฮีทเตอร์/คูลเลอร์)
节流装置（膨胀阀）,jiéliú zhuāngzhì (péngzhàng fá),Throttling Device (Expansion Valve),อุปกรณ์ปรับลดความดัน (throttling device / expansion valve)
两通阀（冷冻水空调）,liǎngtōng fá (lěngdòngshuǐ kōngtiáo),Two-Way Valve (Chilled Water AC),วาล์วสองทาง (two-way valve) สำหรับระบบ chilled water
通风地板,tōngfēng dìbǎn,Vented Floor,พื้นยกระบายอากาศ (vented/perforated raised floor)
湿膜加湿器,shīmó jiāshīqì,Wet Film Humidifier,เครื่องเพิ่มความชื้นแบบแผ่นเปียก (wet film humidifier)
机柜选型标准,jīguì xuǎnxíng biāozhǔn,Cabinet Selection Criteria,เกณฑ์การเลือกตู้แร็ค (cabinet selection criteria)
吊顶装饰,diàodǐng zhuāngshì,Ceiling Decoration,การตกแต่งฝ้าเพดาน (ceiling decoration)
室内装饰子系统,shì nèi zhuāng shì zǐ xì tǒng,Interior Fit-out Subsystem,ระบบย่อยงานตกแต่งภายใน
隔断装饰,géduàn zhuāngshì,Partition Decoration,การตกแต่งผนังกั้น (partition decoration)
机柜子系统,jī guì zǐ xì tǒng,Rack Subsystem,ระบบย่อยตู้แร็ค
空气采样管,kōng qì cǎi yàng guǎn,"Air Sampling Tube (VESDA component, NOT part of smoke control/exhaust system)",ท่อเก็บตัวอย่างอากาศ (ส่วนประกอบของ VESDA ไม่ใช่ระบบควบคุม/ระบายควัน)
灭火剂钢瓶组,miè huǒ jì gāng píng zǔ,Extinguishing Agent Cylinder Group,ชุดถังบรรจุสารดับเพลิง
气体灭火控制器,qì tǐ miè huǒ kòng zhì qì,Gas Extinguishing Controller,ตัวควบคุมระบบดับเพลิงด้วยแก๊ส
感温探测器,gǎnwēn tàncèqì,Heat Detector,อุปกรณ์ตรวจจับความร้อน (heat detector)
七氟丙烷灭火剂,qīfú bǐngwán mièhuǒjì,Heptafluoropropane Extinguishing Agent,"สารดับเพลิงเฮปตะฟลูออโรโพรเพน (Heptafluoropropane, FM-200)"
防排烟系统组成（加压送风机、排烟口、风道）,"fáng pái yān xì tǒng zǔ chéng (jiā yā sòng fēng jī, pái yān kǒu, fēng dào)","Smoke Control and Exhaust System Components (Pressurization Fan, Smoke Exhaust Vent, Air Duct)","องค์ประกอบระบบควบคุมและระบายควัน (พัดลมอัดอากาศ, ช่องระบายควัน, ท่อลม)"
排烟口（排烟阀）,páiyānkǒu (páiyān fá),Smoke Vent (Smoke Valve),ช่องระบายควัน (smoke vent/valve)
启动装置（消防系统）,qǐdòng zhuāngzhì (xiāofáng xìtǒng),Start Device (Fire System),อุปกรณ์เริ่มทำงานระบบดับเพลิง (start device)
骨干（垂直）子系统,gǔgàn (chuízhí) zǐxìtǒng,Backbone Subsystem,ระบบย่อยสายหลัก/แนวดิ่ง (backbone subsystem)
园区子系统,yuánqū zǐxìtǒng,Campus Subsystem,ระบบย่อยระดับวิทยาเขต/แคมปัส (campus subsystem)
设备间子系统,shèbèi jiān zǐxìtǒng,Equipment Room Subsystem,ระบบย่อยห้องอุปกรณ์ (equipment room subsystem)
水平子系统,shuǐpíng zǐxìtǒng,Horizontal Subsystem,ระบบย่อยแนวราบ (horizontal subsystem)
RJ12接口,RJ12 jiē kǒu,RJ12 Connector,คอนเน็กเตอร์ RJ12
RJ45接口,RJ45 jiē kǒu,RJ45 Connector,คอนเน็กเตอร์ RJ45
工作区子系统,gōngzuò qū zǐxìtǒng,Work Area Subsystem,ระบบย่อยพื้นที่ทำงาน (work area subsystem)
3D显示功能,sān D xiǎnshì gōngnéng,3D Display Function,ฟังก์ชันแสดงผลแบบ 3 มิติ (3D display)
摄像机/闭路电视 (通过FE+PoE接入),shè xiàng jī / bì lù diàn shì,Camera/CCTV (via FE + PoE),กล้อง/CCTV (เชื่อมต่อผ่าน FE + PoE)
数据采集处理层,shùjù cǎijí chǔlǐ céng,Data Acquisition and Processing Layer,ชั้นการเก็บและประมวลผลข้อมูล (data acquisition and processing layer)
数据备份功能,shùjù bèifèn gōngnéng,Data Backup Function,ฟังก์ชันสำรองข้อมูล (data backup)
DB25接口,DB25 jiē kǒu,DB25 Connector,คอนเน็กเตอร์ DB25
DB9接口,DB9 jiē kǒu,DB9 Connector,คอนเน็กเตอร์ DB9
采集器灵活配置特性,cǎijíqì línghuó pèizhì tèxìng,Flexibly Configured Collector Feature,คุณสมบัติการกำหนดค่าตัวรวบรวมข้อมูล (collector) แบบยืดหยุ่น
总控中心,zǒngkòng zhōngxīn,General Control Center,ศูนย์ควบคุมรวม (general control center)
氢气检测系统 (通过干接点接入),qīng qì jiǎn cè xì tǒng,Hydrogen Detection System (via dry contact),ระบบตรวจจับก๊าซไฮโดรเจน (เชื่อมต่อผ่าน dry contact)
大屏显示,dà píng xiǎn shì,Large Screen Display,จอแสดงผลขนาดใหญ่ (large screen display)
大屏显示功能,dàpíng xiǎnshì gōngnéng,Large-Screen Display Function,ฟังก์ชันแสดงผลบนจอขนาดใหญ่ (large-screen display)
联动控制功能,liándòng kòngzhì gōngnéng,Linkage Control Function,ฟังก์ชันควบคุมเชื่อมโยง (linkage control)
移动巡检技术发展趋势,yídòng xúnjiǎn jìshù fāzhǎn qūshì,Mobile Inspection Technology Development Trend,"แนวโน้มเทคโนโลยีการตรวจสอบเคลื่อนที่ (mobile inspection, เช่น หุ่นยนต์/โดรน)"
Modbus-ASCII协议,Modbus-ASCII xié yì,Modbus-ASCII,โปรโตคอล Modbus-ASCII
Modbus-RTU协议,Modbus-RTU xié yì,Modbus-RTU,โปรโตคอล Modbus-RTU
Modbus-TCP协议,Modbus-TCP xié yì,Modbus-TCP,โปรโตคอล Modbus-TCP
监控子系统 - 环境设备,jiān kòng zǐ xì tǒng - huán jìng shè bèi,Monitored Subsystem - Environmental Devices,ระบบย่อยที่ถูกมอนิเตอร์ - อุปกรณ์สิ่งแวดล้อม
服务台功能,fú wù tái gōng néng,Service Desk Function,ฟังก์ชันศูนย์บริการ (service desk)
软硬件分层特性,ruǎn yìngjiàn fēncéng tèxìng,Software and Hardware Layering Feature,คุณสมบัติการแบ่งชั้นซอฟต์แวร์และฮาร์ดแวร์
监控中心 (SC),jiānkòng zhōngxīn,Supervision Center (SC),"ศูนย์ควบคุมและเฝ้าระวัง (Supervision Center, SC)"
监控模块 (SM),jiānkòng mókuài,Supervision Module (SM),"โมดูลเฝ้าระวัง (Supervision Module, SM)"
监控站 (SS),jiānkòng zhàn,Supervision Station (SS),"สถานีเฝ้าระวัง (Supervision Station, SS)"
监控单元 (SU),jiānkòng dānyuán,Supervision Unit (SU),"หน่วยเฝ้าระวัง (Supervision Unit, SU)"
温湿度传感器 (通过RS485接入),wēn shī dù chuán gǎn qì,Temperature/Humidity Sensor (via RS485),เซนเซอร์อุณหภูมิ/ความชื้น (เชื่อมต่อผ่าน RS485)
Web/移动终端展示,Web / yí dòng zhōng duān zhǎn shì,Web/Mobile Terminal Display,การแสดงผลผ่านเว็บ/อุปกรณ์มือถือ
Web/移动端功能,Web/yídòngduān gōngnéng,Web/Mobile Terminal Function,ฟังก์ชันใช้งานผ่านเว็บ/มือถือ (Web/mobile terminal)
AI节能发展趋势,AI jiénéng fāzhǎn qūshì,AI Energy Conservation Development Trend,แนวโน้มการพัฒนาการประหยัดพลังงานด้วย AI
清洁能源（风能、太阳能）,"qīngjié néngyuán (fēngnéng, tàiyángnéng)",Clean Energy (Wind and Solar),พลังงานสะอาด (พลังงานลมและพลังงานแสงอาทิตย์)
冷负荷因数 (CLF),lěng fù hè yīn shù,CLF (Cooling Load Factor),ตัวประกอบภาระโหลดความเย็น (CLF)
环保发展趋势,huán bǎo fā zhǎn qū shì,Environmental Protection Development Trend,แนวโน้มการพัฒนาด้านการปกป้องสิ่งแวดล้อม
水能,shuǐnéng,Hydro Energy,พลังงานน้ำ
电力负荷因数 (PLF),diàn lì fù hè yīn shù,PLF (Power Load Factor),ตัวประกอบภาระโหลดไฟฟ้า (PLF)
局部PUE (pPUE),jú bù PUE,pPUE (Partial PUE),ตัวชี้วัด pPUE (Partial PUE เฉพาะส่วน)
可再生能源比率 (RER),kě zài shēng néng yuán bǐ lǜ,RER (Renewable Energy Ratio),อัตราส่วนพลังงานหมุนเวียน (RER)
太阳能,tàiyángnéng,Solar Energy,พลังงานแสงอาทิตย์
风能,fēngnéng,Wind Energy,พลังงานลม
面部防护装备（护目镜、焊接面罩）,"miàn bù fáng hù zhuāng bèi (hù mù jìng, hàn jiē miàn zhào)","PPE - Facial Protection (Goggles, Welding Mask)","อุปกรณ์ป้องกันใบหน้า (แว่นตานิรภัย, หน้ากากเชื่อม)"
坠落防护装备（安全带/安全网）,zhuì luò fáng hù zhuāng bèi (ān quán dài / ān quán wǎng),PPE - Falling Protection (Safety Belt/Net),อุปกรณ์ป้องกันการตกจากที่สูง (เข็มขัดนิรภัย/ตาข่ายนิรภัย)
蓄电池基础知识培训,xù diàn chí jī chǔ zhī shí péi xùn,Battery Basics Training,หลักสูตรความรู้พื้นฐานเรื่องแบตเตอรี่
直接标准,zhíjiē biāozhǔn,Direct Standard,มาตรฐานโดยตรง (direct standard)
团体标准,tuántǐ biāozhǔn,Group Standard,มาตรฐานกลุ่ม/สมาคม (group standard)
空调系统介绍培训,kōng tiáo xì tǒng jiè shào péi xùn,HVAC/AC System Introduction Training,หลักสูตรแนะนำระบบปรับอากาศ HVAC/AC
R1级（具备一定的冗余能力）,R1 jí (jùbèi yídìng de rǒngyú nénglì),IDC Class R1 (certain redundancy capability),IDC ระดับ R1 (มีความสามารถสำรองระดับหนึ่ง)
R2级（具备冗余能力）,R2 jí (jùbèi rǒngyú nénglì),IDC Class R2 (redundancy capability),IDC ระดับ R2 (มีความสามารถสำรอง)
R3级（具备容错能力）,R3 jí (jùbèi róngcuò nénglì),IDC Class R3 (fault-tolerant capability),IDC ระดับ R3 (มีความสามารถทนต่อความผิดพลาด)
行业标准,hángyè biāozhǔn,Industry Standard,มาตรฐานอุตสาหกรรม
政策指南,zhèngcè zhǐnán,Policy Guideline,แนวทางเชิงนโยบาย (policy guideline)
相关标准,xiāngguān biāozhǔn,Related Standard,มาตรฐานที่เกี่ยวข้อง (related standard)
TIA-942-B-2017标准,TIA-942-B-2017 biāo zhǔn,TIA-942-B-2017 Standard,มาตรฐาน TIA-942-B-2017 (ฉบับปี 2017)
建造认证,jiànzào rènzhèng,Tier Certification of Constructed Facility,การรับรอง Tier ระดับสิ่งปลูกสร้างจริง (Tier Certification of Constructed Facility)
设计认证,shèjì rènzhèng,Tier Certification of Design Documents,การรับรอง Tier ระดับเอกสารออกแบบ (Tier Certification of Design Documents)
